First Name,Last Name,End Team,Teams,OGP,Pos,GP,G,A,A1,PTS,+/-,Sh,Misses,Blocked,SHG,SHA,SHP,HitF,BkS,SOG,PPP,GWG,Total
Justin,Abdelkader,DET,DET,,LW,71,23,21,15,44,3,154,47,36,0,0,0,153,28,,14,5,2010
Will,Acton,EDM,EDM,,C/RW,3,0,0,0,0,-2,2,0,1,0,0,0,3,3,,0,0,16
Luke,Adam,CBJ,CBJ,,C,3,0,0,0,0,0,0,0,1,0,0,0,2,0,,0,0,4
Craig,Adams,PIT,PIT,,RW,70,1,6,3,7,-1,51,13,12,0,1,1,183,29,,0,1,741
Andrew,Agozzino,COL,COL,,LW,1,0,1,0,1,1,1,1,0,0,0,0,1,0,,0,0,29
Jason,Akeson,PHI,PHI,,RW,13,0,0,0,0,-1,9,5,6,0,0,0,11,4,,0,0,48
Bryan,Allen,MTL,"ANA, MTL",6,D,11,0,2,1,2,-2,6,9,15,0,0,0,20,15,,0,0,132
Conor,Allen,NYR,NYR,,D,4,0,0,0,0,-1,2,0,2,0,0,0,6,0,,0,0,16
Mark,Alt,PHI,PHI,,D,1,0,0,0,0,-1,0,3,3,0,0,0,1,0,,0,0,2
Karl,Alzner,WSH,WSH,,D,82,5,16,6,21,14,72,36,62,0,0,0,120,165,0,0,0,1239
Josh,Anderson,CBJ,CBJ,,RW,6,0,1,0,1,-1,10,3,6,0,0,0,24,2,,0,0,97
Joakim,Andersson,DET,DET,,C,68,3,5,5,8,-4,74,14,15,0,0,0,27,24,,0,1,470
Andy,Andreoff,LAK,LAK,,LW/C,18,2,1,0,3,1,14,10,4,0,0,0,33,0,,0,1,189
Sven,Andrighetto,MTL,MTL,,RW,12,2,1,1,3,0,12,1,8,0,0,0,5,4,,0,0,117
Mike,Angelidis,TBL,TBL,,LW,3,0,0,0,0,0,0,0,0,0,0,0,5,0,,0,0,10
Artem,Anisimov,CBJ,CBJ,,C,52,7,20,15,27,-6,88,48,39,0,3,3,33,26,0,4,2,1109
Mark,Arcobello,ARI,"EDM, NSH, PIT, ARI",36,C/RW,77,17,14,7,31,-10,129,57,57,0,1,1,111,27,0,4,2,1409
Joel,Armia,BUF,BUF,,RW,1,0,0,0,0,0,0,0,0,0,0,0,4,0,,0,0,8
Viktor,Arvidsson,NSH,NSH,,LW,6,0,0,0,0,0,9,5,4,0,0,0,3,5,,0,0,34
Carter,Ashton,TOR,TOR,,RW,7,0,0,0,0,-3,4,1,2,0,0,0,6,3,,0,0,26
Cam,Atkinson,CBJ,CBJ,,RW,78,22,18,9,40,-2,212,63,62,1,0,1,55,39,2,10,7,1872
Keith,Aulie,EDM,EDM,,D,31,0,1,0,1,-3,25,15,19,0,0,0,59,37,0,0,0,267
David,Backes,STL,STL,,C/RW,80,26,32,18,58,7,183,77,45,0,0,0,227,87,,16,3,2664
Mikael,Backlund,CGY,CGY,,C,52,10,17,8,27,4,103,41,48,2,0,2,41,32,,1,2,1117
Nicklas,Backstrom,WSH,WSH,,C,82,18,60,31,78,5,153,78,52,0,0,0,91,52,3,33,3,2932
Sven,Baertschi,VAN,"CGY, VAN",15,LW,18,2,4,4,6,-3,15,4,5,0,0,0,8,7,,0,0,210
Casey,Bailey,TOR,TOR,,C,6,1,0,0,1,1,9,1,1,0,0,0,3,4,,0,0,57
Josh,Bailey,NYI,NYI,,LW/C,70,15,26,14,41,3,140,46,75,0,0,0,66,36,1,4,1,1569
Keith,Ballard,MIN,MIN,,D,14,0,1,0,1,-3,5,2,3,0,0,0,15,20,,0,0,105
Mark,Barberio,TBL,TBL,,D,52,1,6,2,7,-4,53,25,42,0,0,0,35,46,,0,0,443
Aleksander,Barkov,FLA,FLA,,C,71,16,20,9,36,-4,123,36,40,0,0,0,35,35,1,7,3,1416
Tyson,Barrie,COL,COL,,D,80,12,41,18,53,5,139,63,110,0,0,0,80,90,0,16,0,2103
Matt,Bartkowski,BOS,BOS,,D,47,0,4,4,4,-6,67,43,33,0,0,0,88,24,,0,0,458
Victor,Bartley,NSH,NSH,,D,37,0,10,7,10,1,28,17,20,0,0,0,77,53,,0,0,566
Kyle,Baun,CHI,CHI,,RW,3,0,0,0,0,-1,4,4,0,0,0,0,12,0,,0,0,32
Jay,Beagle,WSH,WSH,,RW/C,62,10,10,7,20,6,84,23,19,0,1,1,73,33,0,0,2,940
Francois,Beauchemin,ANA,ANA,,D,64,11,12,4,23,17,110,45,58,0,1,1,105,107,,3,1,1289
Nathan,Beaulieu,MTL,MTL,,D,64,1,8,4,9,6,62,36,49,0,0,0,50,69,,2,0,607
Taylor,Beck,NSH,NSH,,LW,62,8,8,7,16,-4,78,34,31,0,0,0,61,23,,2,3,804
Matt,Beleskey,ANA,ANA,,LW,65,22,10,5,32,13,145,85,83,0,0,0,159,25,,4,8,1658
Pierre-Edouard,Bellemare,PHI,PHI,,LW,81,6,6,4,12,-3,113,46,45,0,0,0,121,61,,0,1,910
Brett,Bellemore,CAR,CAR,,D,49,2,8,5,10,1,26,22,14,0,0,0,148,54,,0,1,726
Jamie,Benn,DAL,DAL,,LW,82,35,52,32,87,1,253,103,110,2,3,5,120,50,1,23,6,3471
Jordie,Benn,DAL,DAL,,D,73,2,14,7,16,-5,70,52,63,0,0,0,92,121,0,2,0,986
Beau,Bennett,PIT,PIT,,RW,49,4,8,6,12,-1,81,29,35,0,0,0,68,13,0,0,1,644
Sam,Bennett,CGY,CGY,,C,1,0,1,1,1,-1,1,1,1,0,0,0,0,0,,0,0,27
Andre,Benoit,BUF,BUF,,D,59,1,8,3,9,-19,45,24,37,1,0,1,38,98,,1,0,617
Sean,Bergenheim,MIN,"FLA, MIN",39,LW,56,9,10,6,19,-2,108,49,30,0,0,0,73,13,1,2,2,923
Patrice,Bergeron,BOS,BOS,,C,81,23,32,22,55,2,234,90,104,1,1,2,57,60,3,14,4,2337
Patrik,Berglund,STL,STL,,C,77,12,15,8,27,-2,145,50,39,0,0,0,93,26,,1,0,1213
Steve,Bernier,NJD,NJD,,RW,67,16,16,10,32,2,107,25,28,0,0,0,123,47,,8,2,1474
Stu,Bickel,MIN,MIN,,D,9,0,1,1,1,1,3,1,1,0,0,0,10,9,,0,0,69
Bryan,Bickell,CHI,CHI,,LW,80,14,14,6,28,5,113,35,47,0,0,0,205,13,0,3,3,1452
Alex,Biega,VAN,VAN,,D,7,1,0,0,1,-2,7,7,5,0,0,0,34,8,,0,1,143
Danny,Biega,CAR,CAR,,D,10,0,2,0,2,-5,7,7,11,0,0,0,27,7,,0,0,132
Kevin,Bieksa,VAN,VAN,,D,60,4,10,4,14,0,99,40,67,0,1,1,109,93,,1,1,1002
Anthony,Bitetto,NSH,NSH,,D,7,0,0,0,0,-1,2,2,3,0,0,0,9,3,,0,0,28
Nick,Bjugstad,FLA,FLA,,C,72,24,19,8,43,-7,207,64,54,0,0,0,148,29,4,12,3,2023
Jesse,Blacker,ANA,ANA,,D,1,0,0,0,0,-2,0,0,0,0,0,0,1,1,,0,0,4
Jonathon,Blum,MIN,MIN,,D,4,0,1,1,1,-3,3,1,0,0,0,0,1,2,,0,0,37
Mike,Blunden,TBL,TBL,,RW,2,0,0,0,0,-1,0,0,1,0,0,0,7,0,,0,0,14
Troy,Bodie,TOR,TOR,,RW,5,0,0,0,0,0,1,0,1,0,0,0,4,0,,0,0,10
Mikkel,Boedker,ARI,ARI,,LW,45,14,14,6,28,-10,79,28,43,0,0,0,66,9,1,12,2,1168
Zach,Bogosian,BUF,"WPG, BUF",41,D,62,3,17,6,20,-6,125,40,82,0,0,0,189,90,,2,0,1328
Alexandre,Bolduc,ARI,ARI,,C,3,0,0,0,0,-1,3,0,0,0,0,0,17,1,,0,0,42
Jared,Boll,CBJ,CBJ,,RW,72,1,4,3,5,-13,28,12,15,0,0,0,131,17,,0,0,477
Dave,Bolland,FLA,FLA,,C,53,6,17,11,23,4,76,30,22,1,0,1,88,21,3,5,0,1015
Brandon,Bollig,CGY,CGY,,LW,62,1,4,1,5,-9,67,20,25,0,0,0,137,23,,0,0,579
Nick,Bonino,VAN,VAN,,C,75,15,24,14,39,7,149,47,50,0,0,0,31,90,3,5,6,1685
David,Booth,TOR,TOR,,LW,59,7,6,5,13,-8,107,38,36,0,1,1,87,8,,0,2,789
Patrick,Bordeleau,COL,COL,,LW,1,0,0,0,0,0,0,0,0,0,0,0,2,0,,0,0,4
Mark,Borowiecki,OTT,OTT,,D,63,1,10,4,11,15,30,20,27,0,0,0,233,102,,0,0,1005
Robert,Bortuzzo,STL,"PIT, STL",38,D,51,3,5,3,8,-9,56,26,42,0,0,0,157,61,,0,0,748
Reid,Boucher,NJD,NJD,,LW/C,11,1,0,0,1,-4,20,11,6,0,0,0,9,5,0,0,0,93
Eric,Boulton,NYI,NYI,,LW,10,2,0,0,2,-1,9,2,2,0,0,0,10,4,,0,0,96
Lance,Bouma,CGY,CGY,,C/LW,78,16,18,12,34,10,104,44,30,0,1,1,264,82,,1,4,1860
Michael,Bournival,MTL,MTL,,LW,29,3,2,1,5,3,27,6,13,0,0,0,26,10,,0,1,271
Gabriel,Bourque,NSH,NSH,,LW,69,3,10,7,13,-13,76,30,20,0,0,0,141,44,,0,0,847
Rene,Bourque,CBJ,"MTL, ANA, CBJ",13,RW,51,6,8,7,14,-15,85,41,40,0,0,0,71,11,,3,1,734
Ryan,Bourque,NYR,NYR,,C/LW,1,0,0,0,0,-1,1,2,0,0,0,0,0,0,,0,0,2
Jay,Bouwmeester,STL,STL,,D,72,2,11,6,13,7,92,56,51,0,0,0,42,99,,4,0,831
Drayson,Bowman,MTL,MTL,,LW,3,0,0,0,0,0,0,1,0,0,0,0,3,0,,0,0,6
Johnny,Boychuk,NYI,NYI,,D,72,9,26,13,35,15,192,79,117,0,1,1,171,149,,15,1,2089
Zach,Boychuk,CAR,CAR,,LW,31,3,3,2,6,0,35,10,12,0,0,0,40,9,0,0,0,318
Brad,Boyes,FLA,FLA,,RW,78,14,24,18,38,11,151,62,48,0,0,0,60,38,2,9,4,1618
Brian,Boyle,TBL,TBL,,C,82,15,9,7,24,3,140,38,46,3,0,3,136,68,,0,5,1448
Dan,Boyle,NYR,NYR,,D,65,9,11,3,20,18,116,48,80,0,0,0,49,79,0,8,3,1128
Tyler,Bozak,TOR,TOR,,C,82,23,26,16,49,-34,154,51,42,2,0,2,83,46,3,18,3,2071
Derick,Brassard,NYR,NYR,,C,80,19,41,16,60,9,168,49,64,0,0,0,106,13,,18,3,2314
Justin,Braun,SJS,SJS,,D,70,1,22,8,23,8,94,42,75,0,0,0,79,130,,2,0,1201
TJ,Brennan,TOR,TOR,,D,6,0,1,0,1,-7,11,3,9,0,0,0,2,5,,1,0,71
Eric,Brewer,TOR,"TBL, ANA, TOR",17,D,44,3,8,3,11,-5,33,21,36,0,1,1,87,72,,0,1,699
Daniel,Briere,COL,COL,,C,57,8,4,1,12,-7,69,27,17,0,0,0,19,9,1,0,3,554
TJ,Brodie,CGY,CGY,,D,81,11,30,15,41,15,133,49,101,1,2,3,27,178,,9,3,1911
Jonas,Brodin,MIN,MIN,,D,71,3,14,4,17,21,95,28,63,0,1,1,31,128,,2,1,993
Kyle,Brodziak,MIN,MIN,,C,73,9,11,6,20,-6,86,30,26,1,0,1,56,63,,0,0,930
Julien,Brouillette,WPG,WPG,,D,1,0,0,0,0,0,0,0,0,0,0,0,1,1,,0,0,4
Troy,Brouwer,WSH,WSH,,RW,82,21,22,10,43,11,145,67,58,2,0,2,206,39,1,14,3,2095
Chris,Brown,WSH,WSH,,C,5,1,0,0,1,1,4,0,0,0,0,0,6,1,,0,0,47
Dustin,Brown,LAK,LAK,,RW/LW,82,11,16,12,27,-17,189,78,72,0,0,0,242,24,0,6,3,1705
J.T.,Brown,TBL,TBL,,RW,52,3,6,3,9,-2,74,26,24,0,0,0,43,20,,0,0,499
Mike,Brown,SJS,SJS,,RW,12,0,0,0,0,0,11,9,4,0,0,0,42,7,,0,0,120
Patrick,Brown,CAR,CAR,,C,7,0,0,0,0,-4,4,3,3,0,0,0,11,2,,0,0,34
Damien,Brunner,NJD,NJD,,RW/C,17,2,5,3,7,-1,29,14,16,0,0,0,7,3,0,4,0,293
Andre,Burakovsky,WSH,WSH,,LW,53,9,13,6,22,12,65,36,41,0,0,0,22,18,0,3,2,830
Adam,Burish,SJS,SJS,,RW,20,1,2,2,3,-6,22,9,7,0,0,0,11,19,,0,0,179
Brent,Burns,SJS,SJS,,D,82,17,43,24,60,-9,245,140,208,0,0,0,148,124,2,24,2,2814
Alexandre,Burrows,VAN,VAN,,RW/LW,70,18,15,9,33,0,145,54,37,1,0,1,73,33,1,8,3,1487
Chris,Butler,STL,STL,,D,33,3,6,3,9,8,54,10,27,1,0,1,31,38,,0,0,491
Dustin,Byfuglien,WPG,WPG,,D,69,18,27,8,45,5,209,97,117,0,1,1,203,59,,17,3,2317
Paul,Byron,CGY,CGY,,C/LW,57,6,13,6,19,-2,62,23,29,0,2,2,101,24,,1,0,899
Ryan,Callahan,TBL,TBL,,RW,77,24,30,21,54,9,191,51,63,0,0,0,184,46,2,16,4,2432
Matt,Calvert,CBJ,CBJ,,LW,56,13,10,6,23,1,93,31,32,0,1,1,92,20,0,0,3,1065
Mike,Cammalleri,NJD,NJD,,LW,68,27,15,7,42,2,156,48,55,2,0,2,30,17,1,11,8,1766
Andrew,Campbell,ARI,ARI,,D,33,0,1,0,1,-13,28,16,18,0,0,0,67,58,,0,0,331
Brian,Campbell,FLA,FLA,,D,82,3,24,13,27,4,118,38,63,0,0,0,44,85,0,12,0,1289
Gregory,Campbell,BOS,BOS,,C,70,6,6,3,12,1,64,17,25,1,0,1,119,41,,0,2,808
Daniel,Carcillo,CHI,CHI,,LW,39,4,4,3,8,3,42,19,11,0,0,0,36,7,,0,0,370
Paul,Carey,COL,COL,,C,10,0,1,1,1,2,5,6,3,0,0,0,12,2,,0,0,63
Matthew,Carle,TBL,TBL,,D,59,4,14,7,18,12,73,28,45,0,0,0,26,104,0,1,0,866
John,Carlson,WSH,WSH,,D,82,12,43,24,55,11,193,89,112,1,0,1,74,200,1,16,3,2549
Jordan,Caron,COL,"BOS, COL",11,RW,30,0,0,0,0,-2,12,5,10,0,0,0,41,8,,0,0,122
Sam,Carrick,TOR,TOR,,C,16,1,1,0,2,1,17,5,2,0,0,0,30,1,,0,0,146
Jeff,Carter,LAK,LAK,,C,82,28,34,18,62,7,218,113,89,1,1,2,76,33,2,15,5,2494
Ryan,Carter,MIN,MIN,,C,53,3,10,5,13,3,47,26,15,1,0,1,77,30,,0,0,653
Cody,Ceci,OTT,OTT,,D,81,5,16,9,21,-4,130,43,72,0,0,0,89,113,,4,0,1229
Michael,Chaput,CBJ,CBJ,,C,33,1,4,2,5,-8,23,12,5,0,0,0,59,20,,0,0,329
Zdeno,Chara,BOS,BOS,,D,63,8,12,5,20,0,138,40,76,0,3,3,125,99,0,5,0,1334
Ben,Chiarot,WPG,WPG,,D,40,2,6,4,8,5,37,17,34,0,0,0,70,51,,0,0,516
Alex,Chiasson,OTT,OTT,,RW,76,11,15,9,26,-5,105,36,34,0,1,1,93,20,0,6,1,1186
Jason,Chimera,WSH,WSH,,LW,77,7,12,9,19,-1,96,39,44,0,0,0,132,18,0,0,2,1007
Kyle,Chipchura,ARI,ARI,,C,70,4,10,4,14,-23,81,19,28,0,0,0,130,29,,1,0,840
Taylor,Chorney,PIT,PIT,,D,7,0,0,0,0,-1,4,5,4,0,0,0,5,3,,0,0,24
Casey,Cizikas,NYI,NYI,,C,70,9,9,4,18,-2,90,30,39,2,0,2,144,50,,1,2,1108
Mat,Clark,ANA,ANA,,D,7,0,1,1,1,2,2,1,4,0,0,0,10,5,,0,0,59
David,Clarkson,CBJ,"TOR, CBJ",58,RW,61,10,5,1,15,-12,95,48,26,0,0,0,133,19,,1,1,899
Daniel,Cleary,DET,DET,,RW,17,1,1,0,2,-4,17,5,6,0,0,0,21,9,,0,0,144
Adam,Clendening,VAN,"CHI, VAN",4,D,21,1,3,1,4,2,17,13,19,0,0,0,9,22,,3,0,226
Marc-Andre,Cliche,COL,COL,,C/RW,74,2,5,4,7,-2,68,10,23,0,0,0,27,28,,0,0,421
Kyle,Clifford,LAK,LAK,,LW,80,6,9,6,15,5,117,36,39,0,0,0,200,14,,0,1,1057
Grant,Clitsome,WPG,WPG,,D,24,0,4,3,4,4,22,7,27,0,0,0,46,20,,0,0,276
Ryane,Clowe,NJD,NJD,,LW,13,1,3,2,4,-1,15,3,8,0,0,0,21,1,,0,0,174
Rich,Clune,NSH,NSH,,LW,1,0,0,0,0,0,0,0,0,0,0,0,3,0,,0,0,6
Cal,Clutterbuck,NYI,NYI,,RW,76,7,9,8,16,1,124,52,43,2,1,3,343,31,1,1,4,1546
Braydon,Coburn,TBL,"PHI, TBL",39,D,43,1,10,4,11,2,46,28,43,0,0,0,62,66,,0,0,623
Andrew,Cogliano,ANA,ANA,,LW/C,82,15,14,12,29,5,134,58,52,3,0,3,139,30,,0,2,1431
Carlo,Colaiacovo,PHI,PHI,,D,33,2,6,4,8,0,42,30,36,0,0,0,46,33,,2,0,462
Joe,Colborne,CGY,CGY,,C,64,8,20,12,28,7,67,30,31,1,0,1,158,35,1,5,1,1310
Erik,Cole,DET,"DAL, DET",57,LW,68,21,18,14,39,2,122,40,51,1,0,1,134,20,0,9,0,1637
Ian,Cole,PIT,"STL, PIT",54,D,74,5,12,4,17,14,83,44,58,0,0,0,73,99,,1,0,945
Sean,Collins,CBJ,CBJ,,C,8,0,2,0,2,0,4,1,2,0,0,0,18,0,,0,0,94
Blake,Comeau,PIT,PIT,,LW,61,16,15,10,31,6,147,45,77,0,0,0,188,11,,1,5,1577
Cory,Conacher,NYI,NYI,,C/LW,15,1,2,0,3,-3,23,6,3,0,0,0,19,7,,0,0,173
Erik,Condra,OTT,OTT,,RW,68,9,14,9,23,13,106,35,52,1,1,2,33,53,,0,1,1019
Kevin,Connauton,CBJ,"DAL, CBJ",8,D,62,9,12,7,21,5,96,38,65,0,0,0,83,48,0,3,4,1089
Chris,Conner,WSH,WSH,,RW,2,0,0,0,0,1,3,2,2,0,0,0,0,0,,0,0,6
Brett,Connolly,BOS,"TBL, BOS",50,RW,55,12,5,2,17,3,83,28,32,0,0,0,90,13,,3,2,867
Matt,Cooke,MIN,MIN,,LW,29,4,6,3,10,0,24,7,17,0,0,0,39,22,,0,0,420
Andrew,Copp,WPG,WPG,,C,1,0,1,1,1,2,4,0,0,0,0,0,0,0,,0,0,33
Patrice,Cormier,WPG,WPG,,C,1,0,0,0,0,0,0,0,0,0,0,0,1,0,,0,0,2
Frank,Corrado,VAN,VAN,,D,10,1,0,0,1,-7,8,5,3,0,0,0,15,12,,0,0,95
Nick,Cousins,PHI,PHI,,C,11,0,0,0,0,1,6,1,2,0,0,0,13,5,1,0,0,48
Logan,Couture,SJS,SJS,,C,82,27,40,23,67,-6,263,117,118,2,0,2,85,71,3,24,4,2873
Sean,Couturier,PHI,PHI,,C,82,15,22,13,37,4,148,53,70,1,1,2,72,35,1,6,0,1535
Jared,Cowen,OTT,OTT,,D,54,3,6,2,9,-11,47,19,38,0,0,0,159,76,,0,1,809
Charlie,Coyle,MIN,MIN,,C,82,11,24,13,35,13,120,51,43,0,0,0,137,52,1,3,4,1603
Adam,Cracknell,CBJ,CBJ,,RW,17,0,1,1,1,-8,17,9,3,0,0,0,43,6,,0,0,157
Ryan,Craig,CBJ,CBJ,,C,2,0,0,0,0,0,2,1,0,0,0,0,2,0,,0,0,8
B.J.,Crombeen,ARI,ARI,,RW,58,3,3,1,6,-6,43,16,24,0,0,0,68,12,,0,0,396
Sidney,Crosby,PIT,PIT,,C,77,28,56,31,84,5,237,78,65,0,0,0,66,29,5,31,3,3134
Matt,Cullen,NSH,NSH,,C,62,7,18,7,25,8,90,40,32,0,0,0,10,18,1,4,1,921
Kyle,Cumiskey,CHI,CHI,,D,7,0,0,0,0,-1,5,4,3,0,0,0,3,11,,0,0,38
Craig,Cunningham,ARI,"BOS, ARI",32,LW/RW,51,3,4,3,7,-7,54,12,10,1,0,1,107,31,,0,0,579
Jerry,D'Amigo,BUF,BUF,,RW,9,0,0,0,0,-4,7,1,1,0,0,0,8,7,,0,0,44
Klas,Dahlbeck,ARI,"CHI, ARI",4,D,23,1,3,2,4,-8,20,19,15,0,0,0,64,46,,0,0,360
Trevor,Daley,DAL,DAL,,D,68,16,22,14,38,-13,113,61,70,2,0,2,29,123,0,12,2,1680
Zac,Dalpe,BUF,BUF,,C,21,1,2,0,3,-11,29,6,8,0,0,0,15,8,,0,0,179
Phillip,Danault,CHI,CHI,,C/LW,2,0,0,0,0,0,2,1,1,0,0,0,3,0,,0,0,10
Marko,Dano,CBJ,CBJ,,C,35,8,13,8,21,12,84,20,25,0,0,0,94,12,,0,1,925
Pavel,Datsyuk,DET,DET,,C,63,26,39,24,65,12,165,58,68,0,0,0,51,28,3,24,5,2453
Brandon,Davidson,EDM,EDM,,D,12,1,0,0,1,-5,7,7,6,0,0,0,18,22,,0,0,119
Calvin,de Haan,NYI,NYI,,D,65,1,11,5,12,3,92,43,74,1,0,1,140,130,,1,0,1054
Jacob,De La Rose,MTL,MTL,,LW,33,4,2,1,6,-5,38,10,19,1,0,1,71,24,,0,0,436
Brandon,Defazio,VAN,VAN,,LW,2,0,0,0,0,0,2,1,1,0,0,0,0,0,,0,0,4
Danny,DeKeyser,DET,DET,,D,80,2,29,10,31,11,89,56,72,0,0,0,74,88,,6,1,1357
Michael,Del Zotto,PHI,PHI,,D,64,10,22,11,32,-5,119,41,64,1,0,1,153,128,,8,4,1780
Jason,Demers,DAL,"SJS, DAL",20,D,81,5,20,8,25,-3,99,65,87,0,0,0,118,85,,5,2,1319
David,Desharnais,MTL,MTL,,C,82,14,34,16,48,22,90,31,51,0,0,0,43,49,4,11,4,1754
Andrew,Desjardins,CHI,"SJS, CHI",56,C,69,5,5,0,10,-1,59,12,30,0,0,0,128,35,,0,1,714
Nicolas,Deslauriers,BUF,BUF,,LW,82,5,10,6,15,-24,76,34,33,0,1,1,261,36,,0,1,1161
Simon,Despres,ANA,"PIT, ANA",59,D,75,3,20,10,23,11,103,41,71,0,0,0,233,101,0,1,1,1479
Raphael,Diaz,CGY,CGY,,D,56,2,2,1,4,-3,52,34,46,0,0,0,24,67,,1,1,416
Brenden,Dillon,SJS,"DAL, SJS",20,D,80,2,8,3,10,-13,91,63,112,1,1,2,154,139,,0,1,1078
Shane,Doan,ARI,ARI,,RW,79,14,22,16,36,-29,189,67,59,0,0,0,189,26,1,10,0,1808
Matt,Donovan,NYI,NYI,,D,12,0,3,3,3,4,12,11,15,0,0,0,22,16,,0,0,175
Derek,Dorsett,VAN,VAN,,RW,79,7,18,10,25,4,89,48,29,2,0,2,166,37,,0,3,1309
Drew,Doughty,LAK,LAK,,D,82,7,39,21,46,3,219,104,165,0,1,1,152,144,0,17,2,2410
Steve,Downie,PIT,PIT,,RW,72,14,14,8,28,2,104,18,36,0,0,0,108,34,0,5,2,1282
Leon,Draisaitl,EDM,EDM,,C,37,2,7,6,9,-17,49,18,10,0,0,0,21,8,,2,1,421
Jonathan,Drouin,TBL,TBL,,LW,70,4,28,16,32,3,76,32,46,0,0,0,55,16,0,6,0,1154
Brandon,Dubinsky,CBJ,CBJ,,C,47,13,23,11,36,11,100,28,41,1,0,1,152,11,0,7,1,1536
Matt,Duchene,COL,COL,,C,82,21,34,19,55,3,207,75,62,0,0,0,43,74,6,7,4,2173
Anthony,Duclair,NYR,NYR,,LW,18,1,6,4,7,4,18,8,10,0,0,0,6,5,,1,0,243
Matt,Dumba,MIN,MIN,,D,58,8,8,3,16,13,86,39,63,0,0,0,42,51,,6,2,858
Gabriel,Dumont,MTL,MTL,,C,3,0,0,0,0,-1,4,0,1,0,0,0,8,2,,0,0,28
Brian,Dumoulin,PIT,PIT,,D,8,1,0,0,1,0,4,0,1,0,0,0,11,9,,0,0,73
Pascal,Dupuis,PIT,PIT,,RW/LW,16,6,5,3,11,2,44,10,11,0,1,1,20,8,,3,1,489
Patrick,Dwyer,CAR,CAR,,RW,71,5,7,4,12,-12,77,28,33,0,1,1,145,38,,0,0,840
Cody,Eakin,DAL,DAL,,C,78,19,21,6,40,-1,142,63,62,2,1,3,62,59,,4,6,1746
Patrick,Eaves,DAL,DAL,,RW,47,14,13,6,27,12,91,51,40,0,0,0,69,27,0,9,2,1179
Andrew,Ebbett,PIT,PIT,,C,24,1,5,3,6,1,21,5,11,0,0,0,10,12,,0,0,236
Jordan,Eberle,EDM,EDM,,RW/C,81,24,39,25,63,-16,183,52,67,0,0,0,62,36,2,21,2,2387
Alexander,Edler,VAN,VAN,,D,74,8,23,8,31,13,175,64,125,0,0,0,94,126,,14,2,1745
Christian,Ehrhoff,PIT,PIT,,D,49,3,11,6,14,8,110,57,59,0,0,0,73,49,,2,3,894
Aaron,Ekblad,FLA,FLA,,D,81,12,27,10,39,12,170,68,113,0,0,0,109,80,0,13,4,1903
Mattias,Ekholm,NSH,NSH,,D,80,7,11,3,18,12,86,25,87,0,0,0,57,102,,2,1,980
Oliver,Ekman-Larsson,ARI,ARI,,D,82,23,20,13,43,-18,264,127,180,1,0,1,167,77,0,20,7,2451
Patrik,Elias,NJD,NJD,,C/LW,69,13,21,12,34,-20,114,47,36,0,2,2,23,25,3,9,1,1324
Lars,Eller,MTL,MTL,,C,77,15,12,8,27,-6,150,47,45,0,2,2,76,37,0,2,7,1401
Keaton,Ellerby,WPG,WPG,,D,1,0,1,0,1,-1,0,0,1,0,0,0,1,1,,0,0,29
Stefan,Elliott,COL,COL,,D,5,0,0,0,0,-2,10,3,6,0,0,0,2,5,,0,0,34
Matt,Ellis,BUF,BUF,,LW,39,1,1,1,2,-12,29,6,5,0,0,0,10,16,,0,1,180
Ryan,Ellis,NSH,NSH,,D,58,9,18,11,27,8,118,40,54,0,0,0,41,74,1,6,0,1201
Alexei,Emelin,MTL,MTL,,D,68,3,11,3,14,5,43,27,50,0,0,0,204,116,,0,0,1076
Deryk,Engelland,CGY,CGY,,D,76,2,9,3,11,-16,51,25,41,0,1,1,132,141,,0,0,943
Tyler,Ennis,BUF,BUF,,C,78,20,26,21,46,-19,185,46,67,1,0,1,87,35,5,17,2,1994
Toby,Enstrom,WPG,WPG,,D,60,4,19,11,23,13,58,31,43,0,0,0,27,93,,7,0,1001
Martin,Erat,ARI,ARI,,RW,79,9,23,14,32,-16,91,37,51,0,0,0,96,25,0,6,1,1304
Jonathan,Ericsson,DET,DET,,D,82,3,12,8,15,-5,82,39,58,0,1,1,114,55,,0,0,897
Loui,Eriksson,BOS,BOS,,RW/LW,81,22,25,16,47,1,169,62,34,0,1,1,29,23,0,11,4,1827
Tim,Erixon,TOR,"CBJ, CHI, TOR",19,D,42,2,5,1,7,-7,36,16,37,0,0,0,34,32,,5,0,429
Emerson,Etem,ANA,ANA,,LW/RW,45,5,5,3,10,-6,77,25,33,0,0,0,63,20,,0,0,570
Dennis,Everberg,COL,COL,,RW,55,3,9,4,12,-7,62,25,22,0,0,0,73,41,,0,0,652
Justin,Falk,CBJ,"MIN, CBJ",13,D,18,1,1,0,2,-9,18,5,9,0,0,0,12,19,,0,0,148
Bobby,Farnham,PIT,PIT,,RW,11,0,0,0,0,0,6,4,4,0,0,0,26,2,,0,0,68
Jesper,Fast,NYR,NYR,,RW,58,6,8,4,14,-1,52,19,18,0,0,0,102,28,,1,0,724
Justin,Faulk,CAR,CAR,,D,82,15,34,17,49,-19,238,87,138,2,0,2,157,114,,20,4,2563
Mark,Fayne,EDM,EDM,,D,74,2,6,1,8,-21,78,29,78,0,2,2,81,125,,0,0,808
Taylor,Fedun,SJS,SJS,,D,7,0,4,1,4,0,12,5,9,0,0,0,0,8,,2,0,160
Eric,Fehr,WSH,WSH,,C/RW,75,19,14,9,33,8,142,48,55,1,0,1,84,47,1,1,4,1481
Andrew,Ference,EDM,EDM,,D,70,3,11,0,14,-17,58,47,60,0,1,1,156,86,,0,0,970
Michael,Ferland,CGY,CGY,,LW,26,2,3,3,5,1,34,15,13,0,0,0,67,10,,1,1,377
Brian,Ferlin,BOS,BOS,,RW,7,0,1,1,1,0,6,3,6,0,0,0,20,0,,0,0,77
Landon,Ferraro,DET,DET,,C,3,1,0,0,1,1,4,0,2,0,0,0,3,3,,0,1,65
Kevin,Fiala,NSH,NSH,,LW,1,0,0,0,0,-1,3,0,0,0,0,0,0,1,,0,0,8
Vernon,Fiddler,DAL,DAL,,C/LW,80,13,16,12,29,-5,132,50,45,1,1,2,43,61,1,3,2,1307
Valtteri,Filppula,TBL,TBL,,C,82,12,36,18,48,-14,91,29,40,0,0,0,25,29,0,17,0,1660
Mike,Fisher,NSH,NSH,,C,59,19,20,15,39,4,111,43,37,1,0,1,125,60,,10,1,1707
Mark,Fistric,ANA,ANA,,D,9,0,0,0,0,-3,1,6,3,0,0,0,28,21,,0,0,100
Tomas,Fleischmann,ANA,"FLA, ANA",52,LW,66,8,19,16,27,12,131,46,56,0,0,0,64,15,0,1,1,1125
Brian,Flynn,MTL,"BUF, MTL",54,C,63,5,12,8,17,-5,82,26,24,0,2,2,44,46,2,1,0,819
Marcus,Foligno,BUF,BUF,,LW,57,8,12,9,20,-5,66,25,17,0,1,1,193,48,0,1,0,1144
Nick,Foligno,CBJ,CBJ,,LW,79,31,42,22,73,16,182,43,48,0,0,0,193,52,0,26,3,2999
Christian,Folin,MIN,MIN,,D,40,2,8,5,10,3,39,18,29,0,0,0,46,42,,1,0,514
Justin,Fontaine,MIN,MIN,,RW,71,9,22,13,31,13,104,39,39,0,0,0,9,27,0,2,2,1115
Filip,Forsberg,NSH,NSH,,C/RW,82,26,37,20,63,15,237,131,103,0,0,0,108,28,3,19,6,2631
Cam,Fowler,ANA,ANA,,D,80,7,27,11,34,4,87,34,67,1,1,2,47,107,,9,2,1502
Cody,Franson,NSH,"TOR, NSH",55,D,78,7,29,13,36,-7,127,48,77,0,0,0,177,132,,17,0,1942
Johan,Franzen,DET,DET,,RW/C,33,7,15,6,22,-12,74,34,18,0,0,0,45,13,0,11,3,984
Colin,Fraser,STL,STL,,C,1,0,0,0,0,-1,1,0,0,0,0,0,1,1,,0,0,6
Mark,Fraser,NJD,NJD,,D,34,0,4,2,4,2,19,14,17,0,1,1,85,49,,0,0,426
Matt,Fraser,EDM,"BOS, EDM",24,RW,60,8,4,1,12,-16,92,23,26,0,0,0,111,20,0,1,1,776
Matt,Frattin,TOR,TOR,,RW,9,0,0,0,0,0,6,1,4,0,0,0,4,4,,0,0,28
Max,Friberg,ANA,ANA,,LW,1,0,0,0,0,0,0,0,1,0,0,0,2,0,,0,0,4
Michael,Frolik,WPG,WPG,,RW,82,19,23,11,42,4,206,68,99,3,0,3,63,41,,7,4,1880
Marian,Gaborik,LAK,LAK,,RW,69,27,20,14,47,7,174,59,55,0,0,0,39,6,2,18,2,1833
Simon,Gagne,BOS,BOS,,LW,23,3,1,0,4,0,27,4,15,0,0,0,20,7,,0,1,228
Sam,Gagner,ARI,ARI,,C,81,15,26,19,41,-28,183,76,64,0,0,0,63,19,2,12,1,1695
Alex,Galchenyuk,MTL,MTL,,C,80,20,26,15,46,8,163,66,71,0,0,0,91,44,4,12,1,1886
TJ,Galiardi,WPG,WPG,,LW,38,1,0,0,1,-8,35,11,9,0,0,0,38,14,,0,0,199
Stanislav,Galiev,WSH,WSH,,RW,2,1,0,0,1,1,2,1,1,0,0,0,3,0,,0,0,35
Brendan,Gallagher,MTL,MTL,,RW,82,24,23,16,47,18,254,79,129,0,0,0,48,49,1,8,6,2077
Ryan,Garbutt,DAL,DAL,,LW/RW/C,67,8,17,11,25,-9,143,71,50,1,0,1,82,48,,0,2,1231
Jake,Gardiner,TOR,TOR,,D,79,4,20,7,24,-23,100,56,97,0,0,0,109,83,,8,0,1264
Jason,Garrison,TBL,TBL,,D,70,4,26,9,30,27,111,50,75,0,0,0,46,94,,11,3,1422
Tyler,Gaudet,ARI,ARI,,C,2,0,0,0,0,-1,1,0,0,0,0,0,2,1,,0,0,8
Johnny,Gaudreau,CGY,CGY,,LW,80,24,40,24,64,11,167,50,65,0,0,0,14,27,2,21,4,2306
Paul,Gaustad,NSH,NSH,,C,73,4,10,5,14,7,54,20,28,0,0,0,143,58,,0,1,880
Luke,Gazdic,EDM,EDM,,LW,40,2,1,0,3,-4,26,12,8,0,0,0,76,15,,0,0,309
Eric,Gelinas,NJD,NJD,,D,61,6,13,10,19,-2,112,46,86,0,0,0,82,50,,9,2,1093
Nathan,Gerbe,CAR,CAR,,LW/C,78,10,18,10,28,-14,235,66,81,0,0,0,73,23,1,8,2,1482
Ryan,Getzlaf,ANA,ANA,,C,77,25,45,31,70,15,191,88,78,0,2,2,100,95,0,13,6,2812
Brian,Gibbons,CBJ,CBJ,,C,25,0,5,3,5,2,21,10,7,0,0,0,14,17,,1,0,239
Tom,Gilbert,MTL,MTL,,D,72,4,8,3,12,10,70,31,53,0,0,0,55,164,,0,0,878
Brian,Gionta,BUF,BUF,,RW,69,13,22,12,35,-13,153,49,51,1,0,1,61,31,2,9,2,1515
Stephen,Gionta,NJD,NJD,,C/RW,61,5,8,6,13,4,84,22,21,0,2,2,92,41,,0,1,819
Mark,Giordano,CGY,CGY,,D,61,11,37,17,48,13,157,73,131,1,0,1,59,128,,14,2,2088
Dan,Girardi,NYR,NYR,,D,82,4,16,9,20,12,111,38,76,0,1,1,224,184,,3,1,1608
Zemgus,Girgensons,BUF,BUF,,C,61,15,15,5,30,-16,115,37,31,3,0,3,127,62,2,4,1,1478
Claude,Giroux,PHI,PHI,,C/RW,81,25,48,20,73,-3,279,81,152,0,0,0,110,28,1,37,4,3109
Tanner,Glass,NYR,NYR,,LW,66,1,5,3,6,-12,53,17,20,0,0,0,213,32,,0,0,746
Tim,Gleason,WSH,"CAR, WSH",55,D,72,1,8,4,9,-13,54,26,30,0,0,0,167,108,,0,0,883
Curtis,Glencross,WSH,"CGY, WSH",53,LW,71,13,22,12,35,2,108,45,41,0,0,0,124,50,,11,1,1569
Luke,Glendening,DET,DET,,C,82,12,6,2,18,5,104,26,21,0,0,0,147,73,,1,2,1148
Marcel,Goc,STL,"PIT, STL",43,C,74,3,6,1,9,-3,77,29,24,0,1,1,87,35,,0,0,643
Alex,Goligoski,DAL,DAL,,D,81,4,32,17,36,0,122,65,95,0,2,2,100,157,,8,0,1778
Cody,Goloubef,CBJ,CBJ,,D,36,0,9,5,9,12,23,24,20,0,1,1,44,32,,0,0,443
Scott,Gomez,NJD,NJD,,C,58,7,27,13,34,-10,70,23,18,0,0,0,24,15,2,14,1,1228
Sergei,Gonchar,MTL,"DAL, MTL",3,D,48,1,13,6,14,6,46,30,47,0,0,0,45,71,,4,0,714
Barclay,Goodrow,SJS,SJS,,RW/C,60,4,8,7,12,-1,68,26,37,0,1,1,76,24,0,0,2,696
Boyd,Gordon,EDM,EDM,,C,68,6,7,3,13,-5,65,29,20,1,1,2,31,80,0,1,1,747
Josh,Gorges,BUF,BUF,,D,46,0,6,1,6,-28,28,20,15,0,1,1,75,148,,0,0,672
Brandon,Gormley,ARI,ARI,,D,27,2,2,1,4,-7,39,8,27,0,0,0,26,32,,1,0,304
Shayne,Gostisbehere,PHI,PHI,,D,2,0,0,0,0,-2,2,3,1,0,0,0,0,1,,0,0,6
Michael,Grabner,NYI,NYI,,RW,34,8,5,1,13,4,63,30,27,0,0,0,62,21,,0,0,617
Mikhail,Grabovski,NYI,NYI,,C,51,9,10,3,19,3,81,44,43,0,0,0,11,19,0,1,2,747
Petter,Granberg,TOR,TOR,,D,7,0,0,0,0,1,1,0,1,0,0,0,16,7,,0,0,48
Markus,Granlund,CGY,CGY,,C,48,8,10,5,18,-4,65,17,38,0,0,0,44,24,,2,1,756
Mikael,Granlund,MIN,MIN,,C,68,8,31,18,39,17,99,38,56,0,0,0,47,45,0,8,2,1477
Tyler,Graovac,MIN,MIN,,C,3,0,0,0,0,0,4,1,1,0,0,0,0,2,,0,0,12
Mike,Green,WSH,WSH,,D,72,10,35,21,45,15,159,67,82,0,0,0,82,93,0,17,2,2003
Andy,Greene,NJD,NJD,,D,82,3,19,7,22,1,83,57,76,0,1,1,82,172,,1,1,1274
Matt,Greene,LAK,LAK,,D,82,3,6,2,9,1,69,47,59,0,0,0,209,129,,0,0,1039
Colin,Greening,OTT,OTT,,LW/C,26,1,0,0,1,-5,39,10,14,0,0,0,85,14,0,0,0,301
Seth,Griffith,BOS,BOS,,C,30,6,4,1,10,-2,33,20,16,0,0,0,14,13,0,3,1,420
Mikhail,Grigorenko,BUF,BUF,,C,25,3,3,0,6,-10,35,10,12,0,0,0,28,15,,2,0,326
Rocco,Grimaldi,FLA,FLA,,C,7,1,0,0,1,1,18,4,4,0,0,0,7,1,,0,0,77
Nicklas,Grossmann,PHI,PHI,,D,68,5,9,1,14,8,43,20,41,0,0,0,132,89,,0,0,878
Eric,Gryba,OTT,OTT,,D,75,0,12,7,12,11,64,29,58,0,0,0,171,58,,0,0,886
Radko,Gudas,TBL,TBL,,D,31,2,3,1,5,-5,63,36,33,0,0,0,115,63,,0,1,627
Erik,Gudbranson,FLA,FLA,,D,76,4,9,1,13,-4,110,50,69,0,0,0,212,75,0,4,0,1159
Nate,Guenin,COL,COL,,D,76,2,13,2,15,-1,38,11,36,0,0,0,94,162,,0,0,963
Carl,Gunnarsson,STL,STL,,D,61,2,10,4,12,10,54,22,37,0,0,0,42,114,,1,0,730
Carl,Hagelin,NYR,NYR,,LW,82,17,18,10,35,18,185,69,62,0,1,1,85,36,,1,4,1597
Ron,Hainsey,CAR,CAR,,D,81,2,8,5,10,-14,83,35,57,0,0,0,110,120,,1,0,886
Micheal,Haley,SJS,SJS,,C,4,0,0,0,0,-1,1,0,1,0,0,0,6,1,,0,0,16
Matt,Halischuk,WPG,WPG,,RW,47,3,5,1,8,5,59,13,11,0,0,0,55,24,,0,1,496
Taylor,Hall,EDM,EDM,,LW,53,14,24,16,38,-1,158,57,96,0,0,0,67,37,0,6,0,1534
Dan,Hamhuis,VAN,VAN,,D,59,1,22,10,23,0,82,30,66,0,0,0,82,71,,3,0,1075
Curtis,Hamilton,EDM,EDM,,LW,1,0,0,0,0,0,0,0,0,0,0,0,4,1,,0,0,10
Dougie,Hamilton,BOS,BOS,,D,72,10,32,11,42,-3,188,75,130,0,0,0,106,53,0,15,2,1934
Freddie,Hamilton,COL,"SJS, COL",1,C,18,1,0,0,1,-2,11,3,8,0,0,0,25,3,,0,1,123
Ryan,Hamilton,EDM,EDM,,LW,16,1,1,1,2,-8,12,4,4,0,0,0,27,13,0,1,0,164
Travis,Hamonic,NYI,NYI,,D,71,5,28,14,33,15,132,55,119,0,0,0,213,131,,8,0,1857
Scott,Hannan,SJS,SJS,,D,58,2,5,3,7,0,53,16,27,0,0,0,32,69,,0,0,483
Jannik,Hansen,VAN,VAN,,RW,81,16,17,13,33,-6,145,53,53,1,2,3,80,30,,0,2,1435
Martin,Hanzal,ARI,ARI,,C,37,8,16,10,24,-1,85,32,27,0,1,1,105,18,,4,3,1136
Scott,Harrington,PIT,PIT,,D,10,0,0,0,0,-10,9,4,4,0,0,0,12,10,,0,0,62
Jay,Harrison,WPG,"CAR, WPG",20,D,55,3,6,4,9,-1,50,29,51,0,0,0,76,74,,2,0,645
Peter,Harrold,NJD,NJD,,D,43,3,2,1,5,-10,31,15,16,0,0,0,40,39,,0,0,345
Ryan,Hartman,CHI,CHI,,RW,5,0,0,0,0,-1,8,2,1,0,0,0,11,2,,0,0,42
Scott,Hartnell,CBJ,CBJ,,LW,77,28,32,21,60,1,204,52,51,0,0,0,160,38,,16,2,2504
Erik,Haula,MIN,MIN,,C/LW,72,7,7,5,14,-7,92,39,25,0,1,1,31,42,,1,1,730
Martin,Havlat,NJD,NJD,,LW/RW,40,5,9,5,14,-11,49,23,12,0,0,0,11,11,0,6,1,572
Eriah,Hayes,SJS,SJS,,RW,4,0,0,0,0,-2,10,0,0,0,0,0,7,4,,0,0,42
Jimmy,Hayes,FLA,FLA,,RW,72,19,16,11,35,-4,166,49,33,0,0,0,147,12,0,11,3,1695
Kevin,Hayes,NYR,NYR,,RW,79,17,28,25,45,15,111,33,36,1,0,1,57,33,0,5,1,1617
Dany,Heatley,ANA,ANA,,LW,6,0,0,0,0,-3,8,3,2,0,0,0,5,3,0,0,0,32
Victor,Hedman,TBL,TBL,,D,59,10,28,11,38,12,115,51,82,0,0,0,51,110,1,11,2,1652
Jan,Hejda,COL,COL,,D,81,1,12,4,13,-12,84,34,57,0,1,1,170,140,,0,0,1133
Seth,Helgeson,NJD,NJD,,D,22,0,2,1,2,4,11,7,10,0,0,0,42,18,,0,0,192
Darren,Helm,DET,DET,,C,75,15,18,13,33,7,160,50,60,2,0,2,132,25,1,7,1,1589
Ales,Hemsky,DAL,DAL,,RW,76,11,21,8,32,-8,140,39,76,0,0,0,22,35,0,8,1,1294
Matt,Hendricks,EDM,EDM,,LW/C,71,8,8,6,16,-14,103,37,32,1,0,1,220,72,0,1,0,1220
Adam,Henrique,NJD,NJD,,C,75,16,27,16,43,-6,127,37,59,0,1,1,59,44,0,16,3,1775
Tomas,Hertl,SJS,SJS,,C/LW,82,13,18,6,31,-5,145,66,78,0,0,0,106,33,0,6,4,1483
Thomas,Hickey,NYI,NYI,,D,81,2,20,10,22,-12,82,32,67,0,2,2,117,136,,0,1,1280
Chris,Higgins,VAN,VAN,,LW,77,12,24,16,36,8,171,62,50,0,0,0,73,34,3,5,1,1526
Jack,Hillen,CAR,"WSH, CAR",35,D,38,0,5,1,5,-1,24,11,36,0,0,0,38,53,,0,0,355
Joey,Hishon,COL,COL,,C,13,1,1,0,2,-1,19,5,5,0,0,0,3,7,,0,1,128
Niklas,Hjalmarsson,CHI,CHI,,D,82,3,16,6,19,25,97,47,93,0,0,0,39,127,,0,1,1021
Justin,Hodgman,ARI,ARI,,C,5,1,0,0,1,-2,3,1,0,0,0,0,8,0,,1,0,57
Cody,Hodgson,BUF,BUF,,C,78,6,7,5,13,-28,127,40,62,0,0,0,40,21,1,1,0,711
Mike,Hoffman,OTT,OTT,,LW/C,79,27,21,15,48,16,199,64,107,0,0,0,40,33,0,3,4,1854
Nick,Holden,COL,COL,,D,78,5,9,5,14,-11,94,44,61,0,0,0,156,96,,6,2,1142
Peter,Holland,TOR,TOR,,C,62,11,14,9,25,0,93,27,28,1,1,2,99,21,1,3,3,1181
Korbinian,Holzer,TOR,TOR,,D,34,0,6,5,6,3,32,10,8,0,0,0,117,53,,0,0,554
Shawn,Horcoff,DAL,DAL,,C,76,11,18,10,29,9,82,34,34,0,0,0,80,25,1,5,1,1169
Patric,Hornqvist,PIT,PIT,,RW,64,25,26,14,51,12,220,73,76,0,0,0,87,33,0,15,4,2185
Bo,Horvat,VAN,VAN,,C,68,13,12,7,25,-8,93,27,22,1,0,1,70,47,,0,1,1085
Marian,Hossa,CHI,CHI,,RW,82,22,39,21,61,17,247,73,130,1,0,1,62,26,0,17,2,2425
Raman,Hrabarenka,NJD,NJD,,D,1,0,0,0,0,1,0,0,0,0,0,0,1,3,,0,0,8
Jonathan,Huberdeau,FLA,FLA,,LW/C,79,15,39,27,54,10,169,37,59,0,0,0,68,24,3,12,0,1992
Jiri,Hudler,CGY,CGY,,C/RW,78,31,45,29,76,17,158,65,47,0,0,0,27,14,2,16,5,2558
Brad,Hunt,EDM,EDM,,D,11,1,2,2,3,-6,20,13,16,0,0,0,8,10,,1,0,161
Matt,Hunwick,NYR,NYR,,D,55,2,9,5,11,17,72,25,43,0,0,0,55,43,,2,1,655
Jarome,Iginla,COL,COL,,RW,82,29,30,23,59,0,189,56,105,0,0,0,99,47,2,13,2,2315
Matt,Irwin,SJS,SJS,,D,53,8,11,6,19,3,93,30,68,0,0,0,55,65,0,3,1,951
Barret,Jackman,STL,STL,,D,80,2,13,6,15,3,86,27,46,0,1,1,108,126,,0,1,1055
Tim,Jackman,ANA,ANA,,RW,55,5,2,0,7,-4,55,29,17,0,0,0,110,19,,0,1,563
Jaromir,Jagr,FLA,"NJD, FLA",57,RW,77,17,30,21,47,-3,169,57,74,0,0,0,30,14,0,11,5,1811
Calle,Jarnkrok,NSH,NSH,,C,74,7,11,5,18,2,95,40,43,0,1,1,32,21,,0,1,786
Dmitrij,Jaskin,STL,STL,,RW,54,13,5,2,18,7,108,49,34,0,0,0,146,21,0,3,4,1110
Boone,Jenner,CBJ,CBJ,,C,31,9,8,6,17,-5,83,24,29,0,0,0,102,25,1,5,2,935
Nicklas,Jensen,VAN,VAN,,RW/LW,5,0,0,0,0,-1,7,0,2,0,0,0,7,4,,0,0,36
Jesse,Joensuu,EDM,EDM,,LW,20,2,2,0,4,-8,18,10,2,1,0,1,37,9,,0,0,248
Ryan,Johansen,CBJ,CBJ,,C,82,26,45,24,71,-6,202,69,83,2,0,2,84,33,6,26,0,2713
Marcus,Johansson,WSH,WSH,,LW/C,82,20,27,8,47,6,138,52,63,0,0,0,69,18,0,15,1,1795
Erik,Johnson,COL,COL,,D,47,12,11,5,23,2,115,37,74,0,1,1,93,107,,6,2,1325
Jack,Johnson,CBJ,CBJ,,D,79,8,32,11,40,-13,141,56,76,0,0,0,157,131,1,21,1,2088
Tyler,Johnson,TBL,TBL,,C,77,29,43,30,72,33,203,62,77,0,0,0,64,36,,17,6,2696
Jussi,Jokinen,FLA,FLA,,LW/C,81,8,36,19,44,-2,134,36,47,0,0,0,52,50,2,9,0,1662
Olli,Jokinen,STL,"NSH, TOR, STL",48,C,62,4,6,6,10,6,110,38,34,0,0,0,64,19,0,0,1,656
Jyrki,Jokipakka,DAL,DAL,,D,51,0,10,4,10,-2,40,23,38,0,0,0,42,66,,0,0,546
Blair,Jones,PHI,PHI,,C,4,0,0,0,0,-4,0,1,2,0,0,0,7,1,,0,0,16
David,Jones,CGY,CGY,,RW,67,14,16,10,30,-3,114,47,45,0,0,0,125,45,,2,1,1358
Seth,Jones,NSH,NSH,,D,82,8,19,9,27,3,123,47,94,1,0,1,72,90,,11,0,1375
Josh,Jooris,CGY,CGY,,C/RW,60,12,12,6,24,1,89,41,33,0,0,0,59,29,1,5,4,1084
Michal,Jordan,CAR,CAR,,D,38,2,4,0,6,-7,44,8,33,0,0,0,35,61,,2,0,450
Jacob,Josefson,NJD,NJD,,C,62,6,5,2,11,0,61,26,24,3,0,3,55,30,5,2,1,667
Roman,Josi,NSH,NSH,,D,81,15,40,22,55,15,201,55,134,0,3,3,53,209,1,15,4,2591
Tomas,Jurco,DET,DET,,RW,63,3,15,9,18,6,92,42,35,0,0,0,97,11,0,2,0,870
Nazem,Kadri,TOR,TOR,,C,73,18,21,11,39,-7,176,71,80,1,0,1,118,23,1,7,1,1719
Patrick,Kaleta,BUF,BUF,,RW,42,0,3,2,3,-11,25,5,10,0,1,1,88,25,,0,0,371
Steven,Kampfer,FLA,FLA,,D,25,2,2,1,4,-4,28,18,20,0,0,0,49,33,,1,1,350
Evander,Kane,WPG,WPG,,LW,37,10,12,7,22,-1,126,60,58,1,2,3,119,14,2,6,1,1208
Patrick,Kane,CHI,CHI,,RW,61,27,37,25,64,10,186,55,82,0,0,0,22,14,6,22,5,2364
Erik,Karlsson,OTT,OTT,,D,82,21,45,25,66,7,292,145,217,0,0,0,93,89,1,30,3,2958
Melker,Karlsson,SJS,SJS,,C,53,13,11,5,24,-3,100,41,33,0,0,0,51,26,2,1,2,1004
William,Karlsson,CBJ,"ANA, CBJ",18,C,21,3,2,2,5,3,29,15,8,0,0,0,18,7,1,1,1,263
Zack,Kassian,VAN,VAN,,RW,42,10,6,4,16,-5,55,16,21,0,0,0,88,2,,1,3,760
Duncan,Keith,CHI,CHI,,D,80,10,35,19,45,12,171,71,163,0,1,1,16,113,,16,2,1945
Chris,Kelly,BOS,BOS,,C,80,7,21,9,28,6,112,42,34,1,1,2,126,61,0,0,2,1378
Ronalds,Kenins,VAN,VAN,,LW,30,4,8,5,12,-2,38,12,18,0,0,0,71,7,,0,0,532
Tyler,Kennedy,NYI,"SJS, NYI",25,C/LW,38,6,8,6,14,-2,79,23,39,0,0,0,49,8,0,0,2,662
Ryan,Kesler,ANA,ANA,,C,81,20,27,16,47,-5,205,88,90,1,2,3,169,69,4,11,4,2311
Phil,Kessel,TOR,TOR,,RW/C,82,25,36,17,61,-34,280,88,138,0,0,0,18,13,0,25,4,2477
Alex,Khokhlachev,BOS,BOS,,C/LW,3,0,0,0,0,-2,1,0,0,0,0,0,1,0,1,0,0,4
Alex,Killorn,TBL,TBL,,C/LW,71,15,23,13,38,8,130,50,45,1,0,1,60,21,,3,5,1522
Jakub,Kindl,DET,DET,,D,35,5,8,3,13,2,54,20,44,0,0,0,31,25,,7,0,615
Dwight,King,LAK,LAK,,LW,81,13,13,9,26,-3,127,38,34,0,1,1,124,14,0,1,1,1230
Oscar,Klefbom,EDM,EDM,,D,60,2,18,7,20,-21,98,56,73,0,0,0,45,102,0,2,0,1010
Kevin,Klein,NYR,NYR,,D,65,9,17,6,26,24,76,30,69,0,0,0,126,115,,0,4,1364
Carl,Klingberg,WPG,WPG,,LW,2,0,0,0,0,-1,0,0,0,0,0,0,2,0,,0,0,4
John,Klingberg,DAL,DAL,,D,65,11,29,18,40,5,98,42,97,0,0,0,54,77,0,12,3,1638
Rob,Klinkhammer,EDM,"ARI, PIT, EDM",19,LW/C,69,5,4,3,9,-4,64,30,24,0,0,0,236,12,1,0,0,849
Corban,Knight,CGY,CGY,,C,2,0,0,0,0,0,2,1,1,0,0,0,4,1,0,0,0,14
Slater,Koekkoek,TBL,TBL,,D,3,0,0,0,0,0,6,1,1,0,0,0,2,3,,0,0,22
Mikko,Koivu,MIN,MIN,,C,80,14,34,17,48,2,179,57,65,0,0,0,40,41,3,15,4,1950
Leo,Komarov,TOR,TOR,,C,62,8,18,12,26,0,84,25,29,1,2,3,250,25,,1,1,1458
Tomas,Kopecky,FLA,FLA,,RW,64,2,6,5,8,-19,106,38,40,0,0,0,88,22,0,0,1,652
Anze,Kopitar,LAK,LAK,,C,79,16,48,30,64,-2,134,56,63,0,0,0,105,46,1,24,4,2490
Lauri,Korpikoski,ARI,ARI,,LW,69,6,15,8,21,-27,82,39,42,0,1,1,141,48,,8,1,1187
Michael,Kostka,NYR,NYR,,D,7,0,1,0,1,1,7,1,5,0,0,0,6,9,,0,0,69
Brandon,Kozun,TOR,TOR,,RW,20,2,2,1,4,-3,8,0,8,0,0,0,21,4,,0,0,166
Chris,Kreider,NYR,NYR,,LW/C,80,21,25,16,46,24,180,74,43,0,0,0,162,17,,8,5,2048
David,Krejci,BOS,BOS,,C,47,7,24,12,31,7,70,32,39,1,0,1,35,29,1,8,1,1163
Niklas,Kronwall,DET,DET,,D,80,9,35,13,44,-4,101,39,75,0,0,0,91,106,0,23,1,1946
Torey,Krug,BOS,BOS,,D,78,12,27,14,39,13,205,88,128,0,0,0,75,68,1,14,0,1811
Marcus,Kruger,CHI,CHI,,C,81,7,10,6,17,-5,126,29,36,0,0,0,29,50,,0,1,855
Nikita,Kucherov,TBL,TBL,,RW,82,29,36,22,65,38,191,68,62,0,0,0,65,28,2,15,2,2383
Brett,Kulak,CGY,CGY,,D,1,0,0,0,0,0,0,0,1,0,0,0,0,0,,0,0,0
Nikolay,Kulemin,NYI,NYI,,LW,82,15,16,7,31,7,115,50,47,3,1,4,129,58,0,0,0,1459
Dmitry,Kulikov,FLA,FLA,,D,73,3,19,6,22,0,83,35,65,0,1,1,114,105,0,6,0,1234
Chris,Kunitz,PIT,PIT,,LW,74,17,23,16,40,2,170,64,70,1,0,1,211,29,0,16,5,2100
Evgeny,Kuznetsov,WSH,WSH,,C,80,11,26,17,37,10,127,49,54,0,0,0,43,15,5,13,1,1445
Andrew,Ladd,WPG,WPG,,LW,81,24,38,24,62,9,224,82,76,0,1,1,212,38,2,19,6,2828
Brooks,Laich,WSH,WSH,,C,66,7,13,7,20,-2,106,29,36,0,1,1,107,53,1,1,2,1102
Anton,Lander,EDM,EDM,,C,38,6,14,6,20,-12,61,14,13,0,0,0,59,12,0,7,2,874
Gabriel,Landeskog,COL,COL,,LW,82,23,36,21,59,-2,214,66,69,0,0,0,169,73,1,17,2,2597
Maxim,Lapierre,PIT,"STL, PIT",45,C,80,2,9,6,11,-15,86,24,22,0,0,0,153,36,,0,0,825
Adam,Larsson,NJD,NJD,,D,64,3,21,9,24,2,91,33,54,0,3,3,92,120,,0,1,1286
Johan,Larsson,BUF,BUF,,LW,39,6,10,4,16,0,50,22,16,0,0,0,59,19,,4,0,696
Brian,Lashoff,DET,DET,,D,11,0,2,0,2,4,7,3,2,0,0,0,7,14,,0,0,106
Michael,Latta,WSH,WSH,,C,53,0,6,4,6,4,24,11,16,0,0,0,91,14,0,0,0,408
Scott,Laughton,PHI,PHI,,C/LW,31,2,4,3,6,-1,51,14,24,0,0,0,58,11,0,1,0,400
Oliver,Lauridsen,PHI,PHI,,D,1,0,0,0,0,-1,2,1,0,0,0,0,2,0,,0,0,8
Curtis,Lazar,OTT,OTT,,C,67,6,9,6,15,1,92,34,39,0,0,0,167,40,,0,0,973
Vincent,Lecavalier,PHI,PHI,,C,57,8,12,9,20,-7,103,41,43,0,0,0,40,15,0,4,0,856
Nick,Leddy,NYI,NYI,,D,78,10,27,9,37,18,120,46,70,0,1,1,73,90,,12,1,1651
Anders,Lee,NYI,NYI,,C,76,25,16,9,41,9,197,65,41,0,0,0,169,29,,6,6,1995
David,Legwand,OTT,OTT,,C,80,9,18,11,27,1,91,28,43,0,2,2,43,25,0,12,0,1153
Jori,Lehtera,STL,STL,,C,75,14,30,19,44,21,103,30,42,1,1,2,43,35,1,7,2,1612
Josh,Leivo,TOR,TOR,,LW,9,1,0,0,1,-1,10,3,3,0,0,0,5,0,,0,0,55
Jordan,Leopold,MIN,"STL, CBJ, MIN",7,D,43,1,3,2,4,-6,39,6,27,0,0,0,33,50,,1,0,354
Bryan,Lerg,SJS,SJS,,C/LW,2,1,0,0,1,-1,8,1,0,0,0,0,3,0,,0,1,67
Lucas,Lessio,ARI,ARI,,LW,26,2,3,1,5,-10,44,10,9,0,0,0,59,6,1,0,0,343
Kris,Letang,PIT,PIT,,D,69,11,43,20,54,12,197,59,126,1,0,1,131,117,2,24,1,2520
Mark,Letestu,CBJ,CBJ,,C,54,7,6,4,13,-9,63,15,23,1,0,1,51,24,2,1,1,651
Trevor,Lewis,LAK,LAK,,C,73,9,16,8,25,8,143,40,38,1,0,1,192,19,0,0,2,1393
John-Michael,Liles,CAR,CAR,,D,57,2,20,6,22,-9,90,45,59,0,0,0,71,74,,7,0,1090
Oscar,Lindberg,NYR,NYR,,C,1,0,0,0,0,0,2,0,1,0,0,0,3,0,,0,0,10
Matt,Lindblad,BOS,BOS,,C/LW,2,0,0,0,0,0,3,1,1,0,0,0,2,0,,0,0,10
Petteri,Lindbohm,STL,STL,,D,23,2,1,1,3,-1,32,8,13,0,0,0,26,22,,0,0,235
Elias,Lindholm,CAR,CAR,,C,81,17,22,13,39,-23,170,53,79,0,0,0,106,30,2,15,4,1817
Hampus,Lindholm,ANA,ANA,,D,78,7,27,15,34,25,107,44,84,0,0,0,59,77,,6,1,1416
Joakim,Lindstrom,TOR,"STL, TOR",34,C,53,4,6,3,10,-15,61,22,34,0,0,0,14,5,1,5,0,460
Bryan,Little,WPG,WPG,,C,70,24,28,15,52,8,148,55,70,1,0,1,56,32,2,18,3,2032
Ben,Lovejoy,PIT,"ANA, PIT",40,D,60,2,12,4,14,-4,86,39,50,0,2,2,170,105,,0,0,1112
Keegan,Lowe,CAR,CAR,,D,2,0,0,0,0,-2,0,0,4,0,0,0,3,4,,0,0,14
Adam,Lowry,WPG,WPG,,LW,80,11,12,9,23,1,104,41,39,1,0,1,256,32,,3,2,1449
Milan,Lucic,BOS,BOS,,LW,81,18,26,17,44,13,141,73,61,0,0,0,259,23,0,8,4,2106
Joffrey,Lupul,TOR,TOR,,LW/RW,55,10,11,7,21,-10,97,42,31,0,0,0,78,20,2,3,1,965
Olli,Maatta,PIT,PIT,,D,20,1,8,4,9,1,27,11,18,0,0,0,18,33,,2,0,401
Clarke,MacArthur,OTT,OTT,,LW,62,16,20,13,36,-6,140,47,57,0,0,0,70,17,0,10,5,1554
Andrew,MacDonald,PHI,PHI,,D,58,2,10,4,12,-5,62,36,54,0,0,0,35,86,,5,0,716
Derek,MacKenzie,FLA,FLA,,C,82,5,6,2,11,-17,72,28,24,0,0,0,273,51,1,1,0,1077
Nathan,MacKinnon,COL,COL,,C,64,14,24,15,38,-7,192,65,66,0,0,0,43,41,6,7,2,1612
Andrew,MacWilliam,TOR,TOR,,D,12,0,2,0,2,-6,5,2,6,0,0,0,35,20,,0,0,170
Manny,Malhotra,MTL,MTL,,C,58,1,3,1,4,-6,46,17,16,0,0,0,37,62,,0,1,410
Evgeni,Malkin,PIT,PIT,,C,69,28,42,21,70,-2,212,94,81,0,0,0,24,18,1,26,4,2598
Brad,Malone,CAR,CAR,,C,65,7,8,5,15,-8,65,33,19,0,0,0,162,16,,0,2,901
Ryan,Malone,NYR,NYR,,LW,6,0,0,0,0,-4,6,2,0,0,0,0,14,2,,0,0,44
Brandon,Manning,PHI,PHI,,D,11,0,3,2,3,3,10,6,8,0,0,0,19,13,,0,0,159
Josh,Manson,ANA,ANA,,D,28,0,3,1,3,1,26,8,21,0,0,0,44,24,,0,0,263
Brad,Marchand,BOS,BOS,,LW/C,77,24,18,14,42,5,180,65,67,2,1,3,72,28,2,2,5,1790
Alexey,Marchenko,DET,DET,,D,13,1,1,0,2,1,7,4,8,0,0,0,9,10,,0,0,102
Jonathan,Marchessault,TBL,TBL,,C,2,1,0,0,1,1,3,1,1,0,0,0,4,0,,0,0,39
Martin,Marincin,EDM,EDM,,D,41,1,4,2,5,-4,38,29,47,0,0,0,17,59,1,0,0,353
Andrei,Markov,MTL,MTL,,D,81,10,40,24,50,22,135,76,116,0,1,1,53,173,0,25,1,2262
Patrick,Marleau,SJS,SJS,,LW/C,82,19,38,21,57,-17,233,75,103,0,0,0,85,28,1,24,4,2437
Patrick,Maroon,ANA,ANA,,LW,71,9,25,19,34,-5,120,56,26,0,0,0,120,10,,7,1,1440
Matt,Martin,NYI,NYI,,LW,78,8,6,3,14,-4,90,28,24,0,0,0,382,36,,0,2,1406
Paul,Martin,PIT,PIT,,D,74,3,17,11,20,17,61,43,59,0,0,0,60,139,,1,0,1030
Alec,Martinez,LAK,LAK,,D,56,6,16,9,22,9,103,48,81,0,0,0,95,117,,4,1,1240
Jordan,Martinook,ARI,ARI,,LW/C,8,0,1,0,1,-3,8,12,2,0,0,0,14,2,,0,0,73
Stefan,Matteau,NJD,NJD,,LW/C,7,1,0,0,1,0,8,2,3,0,0,0,17,1,,0,0,77
Shawn,Matthias,VAN,VAN,,C,78,18,9,7,27,-3,132,53,30,0,1,1,66,33,,1,0,1167
Jamie,McBain,LAK,LAK,,D,26,3,6,1,9,4,18,20,22,0,0,0,21,28,,3,0,389
Jake,McCabe,BUF,BUF,,D,2,0,0,0,0,0,2,1,0,0,0,0,4,1,,0,0,14
Jay,McClement,CAR,CAR,,C,82,7,14,8,21,-7,68,28,25,0,0,0,79,53,0,0,2,965
Cody,McCormick,BUF,BUF,,C,33,1,3,3,4,-9,31,9,15,1,0,1,77,29,,0,0,394
Ryan,McDonagh,NYR,NYR,,D,71,8,25,12,33,23,148,50,78,0,3,3,77,139,,12,2,1773
Colin,McDonald,NYI,NYI,,RW,18,2,6,4,8,-3,29,10,9,0,0,0,72,6,,0,0,414
Jamie,McGinn,COL,COL,,LW,19,4,2,0,6,-9,36,13,2,0,0,0,29,7,,1,0,304
Tye,McGinn,ARI,"SJS, ARI",33,LW,51,2,5,3,7,0,60,23,36,0,0,0,71,17,,0,0,471
Brian,McGrattan,CGY,CGY,,RW,8,0,0,0,0,-2,10,4,1,0,0,0,11,1,,0,0,44
Dylan,McIlrath,NYR,NYR,,D,1,0,0,0,0,0,0,0,0,0,0,0,2,3,,0,0,10
Greg,McKegg,TOR,TOR,,C,3,0,0,0,0,0,1,0,0,0,0,0,3,2,,0,0,12
Curtis,McKenzie,DAL,DAL,,LW,36,4,1,1,5,-8,41,25,11,0,0,0,85,13,,0,0,403
Cody,McLeod,COL,COL,,LW,82,7,5,1,12,-2,94,20,20,1,0,1,268,43,,0,2,1170
Brandon,McMillan,VAN,"ARI, VAN",50,LW/C,58,1,3,0,4,-19,51,24,27,0,0,0,91,23,,0,0,430
Brayden,McNabb,LAK,LAK,,D,71,2,22,8,24,11,74,50,72,0,0,0,175,56,,5,1,1280
Adam,McQuaid,BOS,BOS,,D,63,1,6,2,7,-2,60,26,49,0,0,0,141,91,,0,0,759
Jayson,Megna,PIT,PIT,,C/RW,12,0,1,0,1,-2,13,4,6,0,0,0,40,8,,0,0,147
Jon,Merrill,NJD,NJD,,D,66,2,12,4,14,-14,47,31,37,0,1,1,59,89,,4,0,800
Andrej,Meszaros,BUF,BUF,,D,60,7,7,3,14,-13,67,25,47,0,0,0,67,94,,1,1,836
Marc,Methot,OTT,OTT,,D,45,1,10,2,11,22,49,18,24,0,0,0,94,70,,0,0,701
Milan,Michalek,OTT,OTT,,LW,66,13,21,12,34,3,130,55,50,1,0,1,64,40,1,10,1,1458
Zbynek,Michalek,STL,"ARI, STL",53,D,68,4,8,4,12,-3,86,34,69,0,0,0,85,160,,0,0,962
Andrew,Miller,EDM,EDM,,C,9,1,5,3,6,-2,14,5,2,0,0,0,7,6,,0,0,204
Drew,Miller,DET,DET,,LW,82,5,8,5,13,-3,98,23,29,1,0,1,119,99,,1,0,987
J.T.,Miller,NYR,NYR,,C,58,10,13,8,23,5,92,35,28,0,0,0,89,28,0,3,3,1083
Kevan,Miller,BOS,BOS,,D,41,2,5,1,7,20,37,19,31,0,0,0,87,60,,0,1,563
John,Mitchell,COL,COL,,C,68,11,15,8,26,-9,105,39,59,1,0,1,143,56,0,4,1,1338
Torrey,Mitchell,MTL,"BUF, MTL",51,C/RW,65,6,8,5,14,-8,55,16,24,0,0,0,58,61,,0,2,738
Willie,Mitchell,FLA,FLA,,D,66,3,5,3,8,1,78,31,74,0,1,1,99,144,0,0,0,862
Travis,Moen,DAL,"MTL, DAL",10,LW,44,3,6,4,9,0,34,11,9,0,0,0,62,24,,0,0,465
Sean,Monahan,CGY,CGY,,C,81,31,31,20,62,8,191,75,78,1,1,2,39,42,2,19,8,2484
Dominic,Moore,NYR,NYR,,C,82,10,17,9,27,5,116,41,47,2,0,2,55,45,0,1,3,1217
John,Moore,ARI,"NYR, ARI",38,D,57,2,9,3,11,-4,77,39,65,0,0,0,77,52,,4,0,727
Jeremy,Morin,CBJ,"CHI, CBJ",15,LW/RW,43,2,4,4,6,1,73,15,21,0,0,0,45,5,1,0,0,396
Travis,Morin,DAL,DAL,,C,6,0,0,0,0,1,10,5,6,0,0,0,3,0,,0,0,26
Brenden,Morrow,TBL,TBL,,LW,70,3,5,4,8,-1,28,19,13,0,0,0,112,16,0,0,0,512
Joe,Morrow,BOS,BOS,,D,15,1,0,0,1,3,20,10,18,0,0,0,18,22,,0,0,145
David,Moss,ARI,ARI,,RW,60,4,8,5,12,-18,96,35,35,0,1,1,115,36,,2,0,834
Kael,Mouillierat,NYI,NYI,,LW,6,1,1,0,2,-3,1,2,1,0,0,0,8,3,,0,0,74
Matt,Moulson,BUF,BUF,,LW,77,13,28,17,41,-11,156,51,46,0,0,0,34,49,2,11,2,1653
Chris,Mueller,NYR,NYR,,C,7,1,1,0,2,-1,10,3,4,0,0,0,3,1,,1,0,88
Mirco,Mueller,SJS,SJS,,D,39,1,3,1,4,-8,31,13,25,0,0,0,49,58,,0,0,376
Connor,Murphy,ARI,ARI,,D,73,4,3,1,7,-27,72,37,51,0,0,0,137,142,,0,0,877
Ryan,Murphy,CAR,CAR,,D,37,4,9,8,13,-11,61,22,44,0,0,0,20,37,0,5,1,631
Ryan,Murray,CBJ,CBJ,,D,12,1,2,1,3,1,8,4,5,0,0,0,5,11,,1,0,133
David,Musil,EDM,EDM,,D,4,0,2,1,2,-2,3,1,3,0,0,0,5,8,,0,0,82
Jake,Muzzin,LAK,LAK,,D,76,10,31,12,41,-4,173,79,133,0,1,1,186,108,,14,3,2179
Tyler,Myers,WPG,"BUF, WPG",,D,71,7,21,12,28,-6,124,35,61,0,2,2,65,132,,6,0,1442
Vladislav,Namestnikov,TBL,TBL,,C,43,9,7,4,16,1,46,14,12,0,0,0,41,13,,2,3,680
Rick,Nash,NYR,NYR,,LW,79,42,27,20,69,29,304,80,110,4,1,5,45,33,2,12,8,2869
Riley,Nash,CAR,CAR,,C,68,8,17,11,25,-10,94,30,48,0,0,0,88,46,0,6,0,1141
James,Neal,NSH,NSH,,LW,67,23,14,9,37,12,222,91,116,0,0,0,71,30,1,4,6,1731
Chris,Neil,OTT,OTT,,RW,38,4,3,2,7,5,23,12,12,0,0,0,136,11,,1,0,525
Brock,Nelson,NYI,NYI,,C,82,20,22,10,42,6,190,61,68,0,0,0,99,52,0,15,3,1942
Patrik,Nemeth,DAL,DAL,,D,22,0,3,1,3,0,16,7,18,0,0,0,28,21,,0,0,205
Nikita,Nesterov,TBL,TBL,,D,27,2,5,0,7,6,44,19,21,0,0,0,42,17,,2,0,401
Andrej,Nestrasil,CAR,"DET, CAR",13,C,54,7,13,9,20,-1,82,47,19,0,0,0,54,17,0,5,0,856
Valeri,Nichushkin,DAL,DAL,,RW,8,0,1,0,1,-5,6,6,7,0,0,0,7,1,,0,0,53
Nino,Niederreiter,MIN,MIN,,RW,80,24,13,7,37,2,149,65,57,1,0,1,155,32,0,8,5,1797
Frans,Nielsen,NYI,NYI,,C,78,14,29,18,43,8,157,70,83,1,2,3,48,80,5,18,4,1965
Matt,Nieto,SJS,SJS,,LW,72,10,17,10,27,-12,135,45,41,0,1,1,24,38,0,4,1,1149
Nikita,Nikitin,EDM,EDM,,D,42,4,6,3,10,-12,80,23,46,0,0,0,21,49,,3,1,600
Matt,Niskanen,WSH,WSH,,D,82,4,27,17,31,7,117,75,93,0,1,1,143,106,0,10,0,1627
Stefan,Noesen,ANA,ANA,,RW,1,0,0,0,0,0,0,1,0,0,0,0,0,1,,0,0,2
Jordan,Nolan,LAK,LAK,,C,60,6,3,2,9,-6,44,23,22,0,0,0,102,11,,0,1,559
Joakim,Nordstrom,CHI,CHI,,LW/C,38,0,3,1,3,-5,42,20,25,0,0,0,73,17,,0,0,339
Ryan,Nugent-Hopkins,EDM,EDM,,C,76,24,32,15,56,-12,189,62,108,0,1,1,92,37,1,14,2,2236
Darnell,Nurse,EDM,EDM,,D,2,0,0,0,0,-2,2,0,2,0,0,0,5,0,,0,0,14
Gustav,Nyquist,DET,DET,,RW/C,82,27,27,14,54,-11,195,56,89,0,0,0,43,31,8,24,4,2208
Eric,Nystrom,NSH,NSH,,LW,60,7,5,2,12,0,60,21,16,1,0,1,104,29,,0,1,726
Liam,O'Brien,WSH,WSH,,C,13,1,1,1,2,4,16,3,3,0,0,0,35,0,,0,0,152
Shane,O'Brien,FLA,FLA,,D,9,0,1,1,1,-4,4,0,1,0,0,0,36,12,,0,0,129
Eric,O'Dell,WPG,WPG,,C,11,0,1,1,1,0,6,5,4,0,0,0,14,0,,0,0,65
Ryan,O'Reilly,COL,COL,,C/LW,82,17,38,25,55,-5,171,49,53,1,1,2,38,48,3,12,1,2069
Johnny,Oduya,CHI,CHI,,D,76,2,8,5,10,5,76,34,89,0,0,0,69,123,,0,0,786
Jordan,Oesterle,EDM,EDM,,D,6,0,1,1,1,-4,7,4,5,0,0,0,2,3,,0,0,49
Kyle,Okposo,NYI,NYI,,RW,60,18,33,19,51,-8,195,79,75,0,0,0,53,23,5,18,2,2037
Jamie,Oleksiak,DAL,DAL,,D,36,1,7,2,8,0,36,11,14,0,0,0,82,46,,0,0,528
Steve,Oleksy,WSH,WSH,,D,1,0,0,0,0,-1,1,0,1,0,0,0,2,0,,0,0,6
Dylan,Olsen,FLA,FLA,,D,44,2,6,2,8,-7,44,16,31,0,0,0,77,52,1,1,0,556
Brooks,Orpik,WSH,WSH,,D,78,0,19,7,19,5,66,24,78,0,0,0,306,192,1,0,0,1603
Colton,Orr,TOR,TOR,,RW,1,0,0,0,0,0,0,0,0,0,0,0,0,0,,0,0,0
T.J.,Oshie,STL,STL,,RW/C,72,19,36,23,55,17,162,69,58,0,0,0,99,39,4,13,4,2185
Steve,Ott,STL,STL,,C,78,3,9,4,12,-8,49,24,32,0,0,0,184,14,,0,0,794
Xavier,Ouellet,DET,DET,,D,21,2,1,1,3,4,27,16,23,0,0,0,11,13,,0,0,177
Alex,Ovechkin,WSH,WSH,,LW,81,53,28,21,81,10,395,200,228,0,0,0,259,32,2,34,11,3957
Magnus,Paajarvi,STL,STL,,LW,10,0,1,0,1,-2,9,5,2,0,0,0,8,0,,1,0,69
Max,Pacioretty,MTL,MTL,,LW,80,37,30,17,67,38,302,108,151,3,2,5,106,38,2,11,10,2977
Jean-Gabriel,Pageau,OTT,OTT,,C,50,10,9,4,19,4,97,27,23,2,0,2,158,20,,0,2,1105
Daniel,Paille,BOS,BOS,,LW,71,6,7,6,13,-9,66,36,15,1,1,2,77,34,,0,1,739
Iiro,Pakarinen,EDM,EDM,,RW,17,1,2,0,3,-4,34,4,15,0,0,0,51,3,0,2,0,271
Ondrej,Palat,TBL,TBL,,LW,75,16,47,25,63,31,139,62,66,1,1,2,124,50,0,11,5,2451
Michael,Paliotta,CHI,CHI,,D,1,0,1,0,1,0,2,1,0,0,0,0,0,2,,0,0,33
Kyle,Palmieri,ANA,ANA,,RW/C,57,14,15,7,29,-2,112,60,42,0,0,0,97,24,0,11,4,1381
Richard,Panik,TOR,TOR,,RW,76,11,6,4,17,-8,87,32,33,0,0,0,101,57,,2,1,955
Cedric,Paquette,TBL,TBL,,C,64,12,7,4,19,4,91,38,24,2,0,2,127,58,,0,3,1127
Adam,Pardy,WPG,WPG,,D,55,0,9,5,9,9,29,12,38,0,1,1,74,59,,0,0,569
Pierre-Alexandre,Parenteau,MTL,MTL,,RW,56,8,14,9,22,0,97,35,45,0,0,0,32,19,4,4,1,906
Zach,Parise,MIN,MIN,,LW,74,33,29,15,62,21,259,81,66,0,0,0,86,56,2,16,3,2572
David,Pastrnak,BOS,BOS,,RW,46,10,17,8,27,12,93,42,40,0,0,0,20,11,0,3,3,1013
Greg,Pateryn,MTL,MTL,,D,17,0,0,0,0,0,10,3,8,0,0,0,48,18,,0,0,152
Joe,Pavelski,SJS,SJS,,C,82,37,33,22,70,12,261,97,81,0,0,0,97,86,2,31,5,3048
Tanner,Pearson,LAK,LAK,,LW,42,12,4,2,16,14,68,38,25,0,0,0,46,9,,1,3,716
Anthony,Peluso,WPG,WPG,,RW,49,1,1,1,2,-3,23,9,10,0,0,0,100,5,,0,0,306
Stuart,Percy,TOR,TOR,,D,9,0,3,3,3,-4,13,4,7,0,0,0,14,13,,2,0,175
Mathieu,Perreault,WPG,WPG,,C,62,18,23,18,41,7,129,39,53,0,0,0,78,13,1,12,2,1625
David,Perron,PIT,"EDM, PIT",38,LW,81,17,24,14,41,-25,196,50,77,0,0,0,171,21,4,9,2,1931
Corey,Perry,ANA,ANA,,RW,67,33,22,15,55,13,193,76,80,0,0,0,64,27,3,7,3,2073
Alex,Petrovic,FLA,FLA,,D,33,0,3,0,3,-4,29,8,23,0,0,0,76,34,,0,0,353
Jeff,Petry,MTL,"EDM, MTL",59,D,78,7,15,9,22,-28,126,59,110,0,1,1,145,109,0,4,1,1390
Dion,Phaneuf,TOR,TOR,,D,70,3,26,14,29,-11,138,79,85,0,1,1,166,126,,15,1,1775
Chris,Phillips,OTT,OTT,,D,36,0,3,2,3,0,29,12,28,0,0,0,70,54,,1,0,391
Alex,Pietrangelo,STL,STL,,D,81,7,39,16,46,-2,195,89,81,0,0,0,70,161,,12,2,2162
Steven,Pinizzotto,EDM,EDM,,RW,18,2,2,1,4,1,15,1,1,0,0,0,32,2,,0,0,198
Brandon,Pirri,FLA,FLA,,C,49,22,2,1,24,6,143,56,44,0,0,0,39,13,3,7,4,1140
Joe,Piskula,NSH,NSH,,D,1,0,0,0,0,-1,0,1,3,0,0,0,0,2,,0,0,4
Tyler,Pitlick,EDM,EDM,,RW/C,17,2,0,0,2,-3,18,13,9,0,0,0,55,17,,0,1,250
Tomas,Plekanec,MTL,MTL,,C,82,26,34,20,60,8,248,68,76,3,1,4,47,55,0,16,5,2540
Emile,Poirier,CGY,CGY,,LW/RW,6,0,1,0,1,1,2,2,2,0,0,0,7,1,,0,0,45
Roman,Polak,TOR,TOR,,D,56,5,4,1,9,-22,61,32,36,0,0,0,225,128,,0,1,1073
Jason,Pominville,MIN,MIN,,RW,82,18,36,23,54,9,252,84,97,0,0,0,44,32,3,14,4,2226
Chris,Porter,STL,STL,,LW,24,1,1,1,2,-3,24,14,6,0,0,0,63,1,,0,1,246
Paul,Postma,WPG,WPG,,D,42,2,4,1,6,1,40,20,49,0,0,0,17,28,,2,0,340
Corey,Potter,CGY,CGY,,D,6,0,0,0,0,-1,2,2,1,0,0,0,6,5,,0,0,26
Benoit,Pouliot,EDM,EDM,,LW,58,19,15,11,34,-1,105,51,18,1,0,1,71,31,0,7,3,1414
Derrick,Pouliot,PIT,PIT,,D,34,2,5,3,7,-11,56,20,38,0,0,0,15,20,0,4,2,437
Shane,Prince,OTT,OTT,,LW/C,2,0,1,0,1,1,2,2,2,0,0,0,2,0,,0,0,33
Nate,Prosser,MIN,MIN,,D,63,2,5,3,7,-1,38,15,20,0,0,0,34,102,,0,1,543
Dalton,Prout,CBJ,CBJ,,D,63,0,8,4,8,-14,64,16,50,0,0,0,166,84,,0,0,828
Brandon,Prust,MTL,MTL,,LW,82,4,14,11,18,6,78,28,24,0,1,1,122,34,,0,0,938
Matt,Puempel,OTT,OTT,,LW,13,2,1,0,3,6,14,7,5,0,0,0,9,1,,0,0,123
Teemu,Pulkkinen,DET,DET,,LW,31,5,3,1,8,5,67,30,38,0,0,0,3,4,,2,2,408
Teddy,Purcell,EDM,EDM,,RW,82,12,22,16,34,-33,146,51,73,0,0,0,24,19,2,12,0,1348
Mark,Pysyk,BUF,BUF,,D,7,2,1,0,3,4,4,3,3,0,0,0,1,11,,0,1,127
Kyle,Quincey,DET,DET,,D,73,3,15,11,18,10,90,41,86,0,1,1,104,82,,0,0,1022
Michael,Raffl,PHI,PHI,,LW,67,21,7,2,28,6,134,46,42,1,0,1,172,46,,2,2,1484
Rickard,Rakell,ANA,ANA,,C/RW,71,9,22,11,31,6,105,48,39,0,0,0,79,22,1,9,1,1297
John,Ramage,CGY,CGY,,D,1,0,0,0,0,-1,4,0,0,0,0,0,2,1,,0,0,14
Brendan,Ranford,DAL,DAL,,LW,1,0,0,0,0,0,0,1,1,0,0,0,2,0,,0,0,4
Victor,Rask,CAR,CAR,,C,80,11,22,10,33,-14,172,55,69,0,0,0,42,36,1,11,2,1475
Ty,Rattie,STL,STL,,RW,11,0,2,1,2,0,8,4,6,0,0,0,15,4,,0,0,104
Mason,Raymond,CGY,CGY,,LW,57,12,11,7,23,-8,123,24,65,0,0,0,7,13,0,1,1,891
Matt,Read,PHI,PHI,,RW,80,8,22,12,30,-4,142,59,55,0,1,1,108,55,0,5,2,1470
Ryan,Reaves,STL,STL,,RW,81,6,6,3,12,-3,55,22,16,0,0,0,276,14,,0,1,1010
Zach,Redmond,COL,COL,,D,59,5,15,9,20,-1,93,26,58,0,0,0,59,76,0,6,1,1036
Dylan,Reese,ARI,ARI,,D,1,0,0,0,0,-1,3,1,2,0,0,0,2,2,,0,0,14
Robyn,Regehr,LAK,LAK,,D,67,3,10,4,13,10,63,30,36,0,1,1,203,83,,0,0,1043
Peter,Regin,CHI,CHI,,C,4,0,1,0,1,1,3,2,0,0,0,0,3,0,,0,0,37
Griffin,Reinhart,NYI,NYI,,D,8,0,1,0,1,1,4,4,3,0,0,0,14,8,,0,0,77
Max,Reinhart,CGY,CGY,,C,4,0,0,0,0,-3,3,6,2,0,0,0,1,3,,0,0,14
Sam,Reinhart,BUF,BUF,,C,9,0,1,0,1,-1,3,0,3,0,0,0,3,5,,0,0,47
Borna,Rendulic,COL,COL,,RW/C,11,1,1,1,2,1,6,1,4,0,0,0,22,3,,0,0,112
Mike,Ribeiro,NSH,NSH,,C,82,15,47,27,62,11,96,44,29,0,0,0,42,19,,12,3,2044
Brad,Richards,CHI,CHI,,C,76,12,25,15,37,3,199,53,70,0,0,0,32,27,0,7,3,1571
Mike,Richards,LAK,LAK,,C,53,5,11,8,16,-10,63,38,25,0,0,0,62,10,0,3,1,720
Brad,Richardson,VAN,VAN,,RW/C,45,8,13,6,21,0,66,17,28,1,0,1,58,20,,1,1,863
Tobias,Rieder,ARI,ARI,,RW/C,72,13,8,2,21,-19,189,65,63,3,0,3,123,37,0,2,1,1323
Morgan,Rielly,TOR,TOR,,D,81,8,21,11,29,-16,148,61,103,0,0,0,98,103,,9,0,1513
Zac,Rinaldo,PHI,PHI,,C/LW,58,1,5,4,6,-9,45,18,13,0,0,0,216,20,,0,0,712
Rasmus,Rissanen,CAR,CAR,,D,6,0,0,0,0,-5,3,1,5,0,0,0,25,7,,0,0,70
Rasmus,Ristolainen,BUF,BUF,,D,78,8,12,6,20,-32,121,37,64,0,0,0,118,136,,9,0,1340
Brett,Ritchie,DAL,DAL,,RW,31,6,3,1,9,-1,78,29,32,0,0,0,89,5,,1,1,599
Colby,Robak,ANA,"FLA, ANA",7,D,12,0,1,0,1,2,8,4,4,0,0,0,16,10,,0,0,93
Stephane,Robidas,TOR,TOR,,D,52,1,6,1,7,8,34,23,31,0,1,1,141,75,,0,0,695
Bobby,Robins,BOS,BOS,,RW/C,3,0,0,0,0,0,0,0,0,0,0,0,6,0,,0,0,12
Antoine,Roussel,DAL,DAL,,LW,80,13,12,6,25,-20,113,56,37,0,0,0,115,71,1,3,1,1273
Derek,Roy,EDM,"NSH, EDM",26,C,72,12,20,15,32,-13,113,44,39,0,0,0,32,43,3,7,2,1286
Michal,Rozsival,CHI,CHI,,D,65,1,12,4,13,0,56,24,56,0,0,0,103,87,,0,0,817
Chad,Ruhwedel,BUF,BUF,,D,4,0,1,1,1,3,4,0,2,0,0,0,6,2,,0,0,49
David,Rundblad,CHI,CHI,,D,49,3,11,7,14,17,58,26,53,0,0,0,23,38,,1,1,618
Kris,Russell,CGY,CGY,,D,79,4,30,11,34,18,111,41,97,0,0,0,61,283,,14,0,1900
Bryan,Rust,PIT,PIT,,RW,14,1,1,0,2,-3,34,5,9,0,0,0,21,3,,0,0,166
Tuomo,Ruutu,NJD,NJD,,LW/RW,77,7,6,2,13,-3,74,28,20,0,0,0,174,23,0,0,0,867
Bobby,Ryan,OTT,OTT,,RW,78,18,36,18,54,5,221,61,85,0,0,0,110,33,4,14,5,2318
Kerby,Rychel,CBJ,CBJ,,LW,5,0,3,3,3,3,4,3,3,0,0,0,11,3,,0,0,111
Michael,Ryder,NJD,NJD,,RW,47,6,13,9,19,-1,89,39,28,0,0,0,53,14,0,2,0,807
Brandon,Saad,CHI,CHI,,LW,82,23,29,16,52,7,203,57,62,0,0,0,53,29,0,10,6,2090
Miikka,Salomaki,NSH,NSH,,RW,1,1,0,0,1,1,4,0,0,0,0,0,7,1,,0,0,49
Bryce,Salvador,NJD,NJD,,D,15,0,2,2,2,-5,13,4,10,0,0,0,22,19,,0,0,158
Henrik,Samuelsson,ARI,ARI,,C,3,0,0,0,0,-2,4,1,0,0,0,0,5,0,,0,0,18
Philip,Samuelsson,ARI,ARI,,D,4,0,0,0,0,-3,4,0,1,0,0,0,2,4,,0,0,20
Mike,Santorelli,NSH,"TOR, NSH",57,C,79,12,21,10,33,0,145,39,39,1,1,2,55,34,4,2,2,1393
David,Savard,CBJ,CBJ,,D,82,11,25,10,36,0,112,64,72,0,0,0,195,105,,10,3,1884
Luca,Sbisa,VAN,VAN,,D,76,3,8,1,11,-8,79,29,63,0,0,0,151,128,,0,2,1031
Marco,Scandella,MIN,MIN,,D,64,11,12,6,23,8,112,55,86,0,1,1,90,100,,5,4,1329
Colton,Sceviour,DAL,DAL,,C,71,9,17,5,26,1,113,55,62,0,0,0,77,41,2,4,2,1192
Tim,Schaller,BUF,BUF,,C,18,1,1,1,2,-5,19,3,4,0,0,0,44,14,,0,0,204
Mark,Scheifele,WPG,WPG,,C,82,15,34,15,49,11,170,63,77,0,0,0,100,61,0,13,2,2057
Brayden,Schenn,PHI,PHI,,C,82,18,29,21,47,-5,156,76,67,0,0,0,199,38,0,19,6,2271
Luke,Schenn,PHI,PHI,,D,58,3,11,5,14,-2,67,21,66,0,0,0,194,89,,0,0,1050
Cameron,Schilling,WSH,WSH,,D,4,0,0,0,0,1,2,2,3,0,0,0,4,2,,0,0,16
David,Schlemko,CGY,"ARI, DAL, CGY",20,D,44,1,3,0,4,1,45,11,41,0,0,0,45,84,1,2,0,468
Nate,Schmidt,WSH,WSH,,D,39,1,3,0,4,-2,40,14,33,0,0,0,34,33,0,0,0,314
Jordan,Schroeder,MIN,MIN,,C,25,3,5,3,8,9,48,10,7,0,0,0,24,6,,0,0,356
Jeff,Schultz,LAK,LAK,,D,9,0,1,1,1,1,7,4,5,0,0,0,10,9,,0,0,77
Justin,Schultz,EDM,EDM,,D,81,6,25,14,31,-17,122,71,108,0,0,0,41,114,0,12,1,1469
Nick,Schultz,PHI,PHI,,D,80,2,13,4,15,2,69,39,47,0,0,0,113,166,,1,1,1101
Jaden,Schwartz,STL,STL,,LW/C,75,28,35,23,63,13,184,47,65,0,2,2,54,46,,16,4,2423
John,Scott,SJS,SJS,,LW,38,3,1,1,4,0,19,8,13,0,0,0,94,14,,0,0,354
Rob,Scuderi,PIT,PIT,,D,82,1,9,4,10,9,52,18,48,0,1,1,41,110,,0,0,676
Brent,Seabrook,CHI,CHI,,D,82,8,23,10,31,-3,181,80,118,0,1,1,135,141,,15,2,1899
Daniel,Sedin,VAN,VAN,,LW,82,20,56,35,76,5,226,74,70,0,0,0,21,16,,25,5,2776
Henrik,Sedin,VAN,VAN,,C,82,18,55,28,73,11,101,29,35,0,0,0,25,24,,25,0,2375
Tyler,Seguin,DAL,DAL,,C,71,37,40,33,77,-1,280,110,139,0,0,0,63,26,3,29,5,3053
Dennis,Seidenberg,BOS,BOS,,D,82,3,11,3,14,-1,103,33,73,0,0,0,212,146,,0,0,1272
Jiri,Sekac,ANA,"MTL, ANA",50,LW,69,9,14,3,23,0,85,45,32,0,0,0,75,29,,3,0,983
Andrej,Sekera,LAK,"CAR, LAK",57,D,73,3,20,7,23,-3,100,54,115,0,1,1,59,118,,6,0,1209
Alexander,Semin,CAR,CAR,,RW,57,6,13,7,19,-10,93,44,70,0,0,0,30,17,0,4,0,795
Tim,Sestito,NJD,NJD,,LW/C,15,0,2,2,2,-1,10,3,3,0,0,0,22,3,,0,0,120
Tom,Sestito,VAN,VAN,,LW,3,0,1,0,1,1,1,1,0,0,0,0,10,0,,0,0,47
Devin,Setoguchi,CGY,CGY,,RW,12,0,0,0,0,-7,12,6,8,0,0,0,12,5,,0,0,58
Damon,Severson,NJD,NJD,,D,51,5,12,2,17,-13,93,47,65,0,0,0,19,34,0,7,0,787
Michael,Sgarbossa,COL,COL,,C,3,0,1,0,1,0,2,1,3,0,0,0,0,1,,0,0,31
Patrick,Sharp,CHI,CHI,,LW/RW,68,16,27,15,43,-8,230,76,107,0,0,0,74,15,3,14,2,1893
Kevin,Shattenkirk,STL,STL,,D,56,8,36,18,44,19,135,49,78,0,0,0,42,86,2,25,1,1896
Andrew,Shaw,CHI,CHI,,C,79,15,11,4,26,-8,146,40,43,0,0,0,127,33,1,6,2,1362
Riley,Sheahan,DET,DET,,C,79,13,23,14,36,-3,123,49,48,0,0,0,21,20,1,11,0,1338
James,Sheppard,NYR,"SJS, NYR",57,C,71,7,11,7,18,-4,79,39,29,0,0,0,121,43,0,1,1,966
Brendan,Shinnimin,ARI,ARI,,C,12,0,1,0,1,-1,10,5,8,0,0,0,12,4,,0,0,77
Drew,Shore,CGY,CGY,,C,11,1,2,2,3,-5,13,1,7,0,0,0,10,4,0,0,0,129
Nick,Shore,LAK,LAK,,C,34,1,6,2,7,0,33,16,8,0,0,0,51,14,,1,0,381
Justin,Shugg,CAR,CAR,,RW/LW,3,0,0,0,0,0,3,1,0,0,0,0,3,0,,0,0,12
Duncan,Siemens,COL,COL,,D,1,0,0,0,0,0,0,0,0,0,0,0,2,0,,0,0,4
Jakob,Silfverberg,ANA,ANA,,RW,81,13,26,17,39,15,189,77,68,1,2,3,42,37,9,4,2,1651
Zach,Sill,TOR,"PIT, TOR",42,C,63,1,3,3,4,-5,43,19,16,0,0,0,173,27,,0,0,586
Wayne,Simmonds,PHI,PHI,,RW,75,28,22,11,50,-5,188,68,67,0,0,0,168,36,4,24,6,2394
Mike,Sislo,NJD,NJD,,RW,10,0,1,1,1,-2,13,3,3,0,0,0,12,2,,0,0,79
Jack,Skille,CBJ,CBJ,,RW,45,6,2,2,8,-18,95,30,21,0,0,0,96,15,,0,0,612
Jeff,Skinner,CAR,CAR,,LW/C,77,18,13,9,31,-24,235,101,117,0,0,0,47,12,0,7,2,1473
Jim,Slater,WPG,WPG,,C,82,5,8,6,13,-4,51,27,11,0,1,1,134,52,,0,1,839
Ladislav,Smid,CGY,CGY,,D,31,0,1,0,1,-12,21,11,10,0,0,0,51,54,,0,0,277
Ben,Smith,SJS,"CHI, SJS",61,RW,80,7,7,5,14,2,92,37,32,0,0,0,72,75,,0,1,848
Brendan,Smith,DET,DET,,D,76,4,9,3,13,-2,88,34,65,0,0,0,60,68,0,2,1,797
Colin,Smith,COL,COL,,C,1,0,0,0,0,0,1,0,0,0,0,0,1,0,,0,0,4
Craig,Smith,NSH,NSH,,C,82,23,21,9,44,11,251,87,83,0,0,0,77,17,2,9,4,1960
Reilly,Smith,BOS,BOS,,RW,81,13,27,17,40,7,143,58,92,0,0,0,74,39,1,11,0,1622
Trevor,Smith,TOR,TOR,,C,54,2,3,2,5,-9,46,19,20,0,0,0,75,25,,0,0,417
Zack,Smith,OTT,OTT,,C,37,2,1,0,3,-8,38,11,16,0,0,0,64,13,,0,0,305
Devante,Smith-Pelly,MTL,"ANA, MTL",54,RW,74,6,14,5,20,-1,104,45,28,1,1,2,205,49,0,1,1,1286
Carl,Soderberg,BOS,BOS,,C,82,13,31,19,44,10,163,60,89,0,0,0,76,36,0,8,3,1790
Nick,Spaling,PIT,PIT,,C,82,9,18,6,27,-2,90,36,46,0,0,0,134,45,,1,0,1223
Jason,Spezza,DAL,DAL,,C,82,17,45,19,62,-7,204,109,99,0,0,0,16,26,1,26,1,2322
Ryan,Spooner,BOS,BOS,,C,29,8,10,4,18,2,73,19,21,0,0,0,17,5,0,5,1,710
Jared,Spurgeon,MIN,MIN,,D,66,9,16,9,25,3,128,53,81,0,0,0,48,124,,6,2,1325
Fr_d_ric,St-Denis,CBJ,CBJ,,D,4,0,1,0,1,-1,2,0,6,0,0,0,2,2,,0,0,37
Martin,St. Louis,NYR,NYR,,RW,74,21,31,19,52,12,144,51,45,0,0,0,13,37,1,13,1,1838
Eric,Staal,CAR,CAR,,C,77,23,31,18,54,-13,244,104,102,0,0,0,65,27,1,17,4,2272
Jordan,Staal,CAR,CAR,,C,46,6,18,10,24,-6,92,42,41,0,0,0,85,15,,7,1,1074
Marc,Staal,NYR,NYR,,D,80,5,15,3,20,18,97,37,64,0,2,2,99,123,,0,0,1178
Drew,Stafford,WPG,"BUF, WPG",50,RW,76,18,25,13,43,-12,147,43,42,0,1,1,81,15,2,9,1,1691
Matt,Stajan,CGY,CGY,,C,59,7,10,6,17,7,46,16,29,0,1,1,72,21,,0,0,723
Viktor,Stalberg,NSH,NSH,,LW,25,2,8,6,10,0,27,12,12,0,0,0,54,10,,0,1,452
Steven,Stamkos,TBL,TBL,,C,82,43,29,22,72,2,268,119,122,0,0,0,91,35,0,25,6,2958
Ryan,Stanton,VAN,VAN,,D,54,3,8,4,11,9,59,22,27,0,0,0,93,113,,0,0,805
Paul,Stastny,STL,STL,,C,74,16,30,17,46,5,143,54,35,0,0,0,22,30,,15,7,1830
Alexander,Steen,STL,STL,,LW,74,24,40,29,64,8,223,82,110,0,0,0,32,37,2,24,5,2524
Lee,Stempniak,WPG,"NYR, WPG",53,RW,71,15,13,5,28,8,115,33,59,0,0,0,78,23,1,1,3,1202
Derek,Stepan,NYR,NYR,,C,68,16,39,26,55,26,155,49,60,2,3,5,36,27,2,10,3,2071
Chris,Stewart,MIN,"BUF, MIN",61,RW,81,14,22,17,36,-26,155,47,39,0,0,0,110,16,0,10,0,1562
Jarret,Stoll,LAK,LAK,,C,73,6,11,6,17,3,83,30,22,0,2,2,167,57,0,4,2,1159
Karl,Stollery,SJS,"COL, SJS",5,D,10,0,0,0,0,-1,9,2,12,0,0,0,23,21,,0,0,106
Mark,Stone,OTT,OTT,,RW,80,26,38,22,64,21,157,64,40,1,0,1,49,53,1,13,6,2388
Michael,Stone,ARI,ARI,,D,81,3,15,10,18,-24,144,73,115,0,0,0,202,189,,5,0,1570
Clayton,Stoner,ANA,ANA,,D,69,1,7,7,8,-2,68,32,57,0,0,0,128,84,,0,1,780
Tyson,Strachan,BUF,BUF,,D,46,0,5,1,5,-30,38,16,20,0,1,1,67,105,,0,0,565
Brian,Strait,NYI,NYI,,D,52,2,5,0,7,-1,59,20,33,0,1,1,124,85,,0,0,731
Petr,Straka,PHI,PHI,,RW,3,0,2,2,2,1,2,1,2,0,0,0,4,1,,0,0,64
Anton,Stralman,TBL,TBL,,D,82,9,30,15,39,22,138,44,92,0,0,0,104,77,,14,0,1753
Ben,Street,COL,COL,,C,3,0,0,0,0,0,4,1,2,0,0,0,3,0,,0,0,14
Mark,Streit,PHI,PHI,,D,81,9,43,24,52,-8,144,52,120,0,0,0,63,103,,30,0,2220
Ryan,Strome,NYI,NYI,,C,81,17,33,25,50,23,179,42,65,1,0,1,92,21,0,8,2,1974
Brad,Stuart,COL,COL,,D,65,3,10,4,13,-4,64,30,34,0,0,0,177,134,,1,0,1085
Mark,Stuart,WPG,WPG,,D,70,2,12,7,14,5,51,28,74,0,2,2,166,142,,0,1,1128
P.K.,Subban,MTL,MTL,,D,82,15,45,21,60,21,170,86,158,0,0,0,97,142,0,21,5,2628
Chris,Summers,NYR,"ARI, NYR",17,D,20,0,3,2,3,-12,15,4,14,0,0,0,49,26,,0,0,255
Andrej,Sustr,TBL,TBL,,D,72,0,13,5,13,10,55,23,54,0,0,0,39,84,,1,0,691
Ryan,Suter,MIN,MIN,,D,77,2,36,12,38,7,150,79,131,0,1,1,69,127,,11,1,1792
Brandon,Sutter,PIT,PIT,,C,80,21,12,6,33,6,180,52,45,4,0,4,86,48,1,5,4,1663
Brett,Sutter,MIN,MIN,,LW/C,6,0,3,3,3,1,6,2,2,0,0,0,16,1,,0,0,121
Brody,Sutter,CAR,CAR,,C,4,0,0,0,0,-2,0,1,1,0,0,0,3,2,,0,0,10
Jordan,Szwarz,ARI,ARI,,RW,9,1,0,0,1,-2,8,0,2,0,0,0,5,9,,0,0,69
Max,Talbot,BOS,"COL, BOS",63,C,81,5,13,9,18,-1,97,21,27,0,0,0,132,51,1,0,1,1030
Christopher,Tanev,VAN,VAN,,D,70,2,18,7,20,8,53,31,43,0,0,0,23,170,,2,1,1032
Eric,Tangradi,MTL,MTL,,LW,7,0,0,0,0,-3,5,1,2,0,0,0,12,4,,0,0,42
Alex,Tanguay,COL,COL,,LW,80,22,33,19,55,-1,104,28,37,1,0,1,45,39,3,14,4,1991
Vladimir,Tarasenko,STL,STL,,RW,77,37,36,17,73,27,264,120,147,0,0,0,32,18,6,18,6,2753
Daniil,Tarasov,SJS,SJS,,RW/C,5,0,1,0,1,2,5,1,1,0,0,0,2,1,,0,0,41
Tomas,Tatar,DET,DET,,LW/C,82,29,27,16,56,6,211,101,100,0,0,0,90,18,3,19,7,2368
John,Tavares,NYI,NYI,,C,82,38,48,30,86,5,278,96,97,0,1,1,48,37,3,31,8,3366
Matt,Tennyson,SJS,SJS,,D,27,2,6,2,8,0,37,28,20,0,1,1,48,34,0,2,0,478
Teuvo,Teravainen,CHI,CHI,,C/LW,34,4,5,4,9,4,66,12,25,0,0,0,11,14,,1,1,437
Chris,Terry,CAR,CAR,,LW,57,11,9,7,20,-4,71,33,29,0,0,0,44,17,3,4,0,804
Christian,Thomas,MTL,MTL,,LW,18,1,0,0,1,-2,26,7,14,0,0,0,8,3,,0,0,99
Nate,Thompson,ANA,ANA,,C,80,5,13,7,18,0,87,35,27,1,0,1,204,52,,0,3,1216
Chris,Thorburn,WPG,WPG,,RW,81,7,7,2,14,-5,67,24,35,0,0,0,126,29,,0,2,834
Joe,Thornton,SJS,SJS,,C,78,16,49,28,65,-4,131,55,71,0,0,0,39,26,0,22,0,2237
Shawn,Thornton,FLA,FLA,,LW,46,1,4,1,5,-13,53,15,17,0,0,0,93,5,,0,0,427
Chris,Tierney,SJS,SJS,,C,43,6,15,10,21,3,48,18,23,0,0,0,11,17,,4,1,737
Kimmo,Timonen,CHI,CHI,,D,16,0,0,0,0,-3,10,1,6,0,0,0,15,15,,0,0,80
Jarred,Tinordi,MTL,MTL,,D,13,0,2,1,2,-5,5,5,6,0,0,0,20,18,,0,0,136
Jiri,Tlusty,WPG,"CAR, WPG",52,C/LW,72,14,17,5,31,-18,123,52,55,0,0,0,80,37,0,10,0,1355
Jonathan,Toews,CHI,CHI,,C,81,28,38,23,66,30,192,66,46,2,1,3,56,16,6,17,7,2548
Tyler,Toffoli,LAK,LAK,,C/RW,76,23,26,17,49,25,200,70,75,5,1,6,86,11,0,5,3,2049
Jordin,Tootoo,NJD,NJD,,RW,68,10,5,4,15,1,75,24,19,0,0,0,127,8,,1,1,825
Vincent,Trocheck,FLA,FLA,,C,50,7,15,12,22,9,89,33,25,0,0,0,93,19,1,1,0,962
Corey,Tropp,CBJ,CBJ,,RW,61,1,7,4,8,-14,22,14,10,0,0,0,80,28,,0,0,460
Zach,Trotman,BOS,BOS,,D,27,1,4,0,5,-2,46,24,39,0,0,0,44,33,,0,1,391
Jacob,Trouba,WPG,WPG,,D,65,7,15,8,22,2,133,60,128,0,0,0,97,120,,6,0,1310
Kyle,Turris,OTT,OTT,,C,82,24,40,25,64,5,215,83,122,1,0,1,48,40,4,16,6,2506
Dana,Tyrell,CBJ,CBJ,,C,3,0,0,0,0,-1,1,0,0,0,0,0,5,3,,0,0,18
Fedor,Tyutin,CBJ,CBJ,,D,67,3,12,4,15,8,56,36,39,0,2,2,106,117,,1,0,983
Dominik,Uher,PIT,PIT,,C,2,0,0,0,0,-1,0,0,0,0,0,0,2,1,,0,0,6
R.J.,Umberger,PHI,PHI,,C/LW,67,9,6,5,15,-9,96,41,40,0,0,0,114,40,,2,0,895
Scottie,Upshall,FLA,FLA,,LW/RW,63,8,7,4,15,-8,93,32,38,0,0,0,128,27,0,1,2,921
David,Van Der Gulik,LAK,LAK,,LW,1,0,0,0,0,0,1,0,0,0,0,0,1,0,,0,0,4
James,van Riemsdyk,TOR,TOR,,LW,82,27,29,23,56,-33,248,85,69,1,0,1,83,29,0,19,4,2410
Trevor,van Riemsdyk,CHI,CHI,,D,18,0,1,1,1,0,21,5,15,0,0,0,4,15,,0,0,105
Chris,VandeVelde,PHI,PHI,,C,72,9,6,3,15,-6,70,26,25,0,0,0,121,46,,0,0,849
Thomas,Vanek,MIN,MIN,,LW,80,21,31,23,52,-6,171,59,61,0,0,0,32,13,1,17,2,1942
Philip,Varone,BUF,BUF,,C,28,3,2,1,5,-14,28,8,9,0,0,0,30,22,0,0,0,285
Sami,Vatanen,ANA,ANA,,D,67,12,25,7,37,5,122,50,70,1,0,1,75,123,1,17,1,1775
Stephane,Veilleux,MIN,MIN,,LW,12,1,1,0,2,0,9,1,2,0,0,0,9,8,,0,1,122
Antoine,Vermette,CHI,"ARI, CHI",63,C,82,13,25,15,38,-25,109,39,40,0,0,0,80,50,5,14,1,1588
Kris,Versteeg,CHI,CHI,,LW/RW,61,14,20,13,34,11,134,41,53,0,0,0,31,22,0,5,1,1294
Linden,Vey,VAN,VAN,,RW,75,10,14,7,24,-3,61,27,37,0,0,0,14,9,,6,2,868
Tomas,Vincour,COL,COL,,C,7,0,1,1,1,-1,2,3,1,0,0,0,5,4,,0,0,47
Lubomir,Visnovsky,NYI,NYI,,D,53,5,15,9,20,-3,85,35,61,0,0,0,38,61,,5,1,938
Joe,Vitale,ARI,ARI,,C,70,3,6,4,9,-11,55,23,17,0,0,0,104,65,,0,0,673
Marc-Edouard,Vlasic,SJS,SJS,,D,70,9,14,5,23,12,98,47,92,0,0,0,51,112,,3,3,1187
Anton,Volchenkov,NSH,NSH,,D,46,0,7,1,7,4,35,16,28,0,0,0,93,48,,0,0,527
Aaron,Volpatti,WSH,WSH,,LW,2,0,0,0,0,0,1,2,0,0,0,0,3,1,,0,0,10
Jakub,Voracek,PHI,PHI,,RW,82,22,59,31,81,1,221,70,133,0,0,0,55,28,5,33,3,3023
Slava,Voynov,LAK,LAK,,D,6,0,2,1,2,0,5,6,8,0,1,1,11,8,,1,0,128
Radim,Vrbata,VAN,VAN,,RW,79,31,32,18,63,6,267,88,96,0,0,0,44,25,3,23,7,2617
Chris,Wagner,ANA,ANA,,RW,9,0,0,0,0,-2,7,3,4,0,0,0,22,3,,0,0,64
Joel,Ward,WSH,WSH,,RW,82,19,15,10,34,-4,138,57,38,0,0,0,53,38,1,11,4,1498
David,Warsofsky,BOS,BOS,,D,4,0,1,0,1,1,7,1,6,0,0,0,2,2,,0,0,47
Mike,Weaver,MTL,MTL,,D,31,0,4,0,4,0,8,10,15,0,0,0,35,61,,0,0,308
Mike,Weber,BUF,BUF,,D,64,1,6,1,7,-22,41,25,47,0,1,1,172,168,,0,0,957
Shea,Weber,NSH,NSH,,D,78,15,30,11,45,15,237,99,140,1,0,1,166,147,,15,2,2435
Yannick,Weber,VAN,VAN,,D,65,11,10,5,21,4,117,48,79,0,0,0,66,62,,8,1,1115
Dale,Weise,MTL,MTL,,RW,79,10,19,15,29,21,91,30,33,0,0,0,145,34,,0,1,1285
Stephen,Weiss,DET,DET,,C,52,9,16,7,25,-2,52,18,21,0,0,0,19,12,0,9,1,901
Alexander,Wennberg,CBJ,CBJ,,C,68,4,16,9,20,-19,85,22,37,0,0,0,58,45,3,4,0,916
Blake,Wheeler,WPG,WPG,,RW,79,26,35,24,61,26,244,101,71,4,1,5,128,54,4,12,6,2717
Ryan,White,PHI,PHI,,C/RW,34,6,6,4,12,4,45,13,13,0,1,1,108,14,,0,1,674
Joe,Whitney,NJD,NJD,,LW/RW,4,1,0,0,1,-1,1,0,1,0,0,0,5,0,,0,0,37
Dennis,Wideman,CGY,CGY,,D,80,15,41,15,56,6,173,78,162,0,0,0,94,184,,21,2,2552
Patrick,Wiercioch,OTT,OTT,,D,56,3,10,4,13,3,79,38,64,0,0,0,50,44,,5,2,761
Justin,Williams,LAK,LAK,,RW,81,18,23,10,41,8,174,66,67,0,0,0,29,24,0,13,2,1649
Colin,Wilson,NSH,NSH,,C,77,20,22,17,42,19,172,49,63,0,0,0,52,33,,7,5,1734
Garrett,Wilson,FLA,FLA,,LW,2,0,0,0,0,-2,5,1,2,0,0,0,5,1,,0,0,22
Ryan,Wilson,COL,COL,,D,3,0,0,0,0,-3,3,2,3,0,0,0,6,3,,0,0,24
Scott,Wilson,PIT,PIT,,C,1,0,0,0,0,0,0,0,0,0,0,0,0,0,,0,0,0
Tom,Wilson,WSH,WSH,,RW,67,4,13,7,17,-1,79,33,38,0,0,0,205,24,0,0,0,1041
Tommy,Wingels,SJS,SJS,,C/RW,75,15,21,14,36,-7,158,64,41,1,0,1,263,55,1,10,1,1992
Daniel,Winnik,PIT,"TOR, PIT",58,C/LW,79,9,25,18,34,23,97,43,33,0,1,1,124,69,,0,1,1470
James,Wisniewski,ANA,"CBJ, ANA",56,D,69,8,26,13,34,-13,147,54,109,0,0,0,115,81,,15,2,1726
Luke,Witkowski,TBL,TBL,,D,16,0,0,0,0,0,10,6,12,0,0,0,37,20,,0,0,134
David,Wolf,CGY,CGY,,LW,3,0,0,0,0,0,1,2,1,0,0,0,6,0,,0,0,14
Brendan,Woods,CAR,CAR,,LW,2,0,0,0,0,-1,3,0,1,0,0,0,2,0,,0,0,10
Tyler,Wotherspoon,CGY,CGY,,D,1,0,0,0,0,-3,1,0,2,0,0,0,0,2,,0,0,6
Bogdan,Yakimov,EDM,EDM,,C,1,0,0,0,0,-1,1,0,0,0,0,0,2,0,,0,0,6
Nail,Yakupov,EDM,EDM,,RW,81,14,19,12,33,-35,191,66,80,0,0,0,97,28,1,10,1,1577
Keith,Yandle,NYR,"ARI, NYR",63,D,84,6,46,16,52,-26,232,120,152,0,0,0,53,101,,29,2,2402
Nikita,Zadorov,BUF,BUF,,D,60,3,12,6,15,-10,52,24,28,0,0,0,134,73,,5,1,963
Travis,Zajac,NJD,NJD,,C,74,11,14,9,25,-3,112,36,54,2,0,2,70,35,0,7,0,1169
Henrik,Zetterberg,DET,DET,,LW/C,77,17,49,30,66,-6,227,90,102,0,0,0,55,26,0,28,3,2606
Mika,Zibanejad,OTT,OTT,,C,80,20,26,16,46,0,150,72,71,0,0,0,149,26,5,14,0,1940
Marek,Zidlicky,DET,"NJD, DET",63,D,84,7,27,12,34,-9,130,59,100,0,0,0,95,92,0,20,1,1704
Harry,Zolnierczyk,NYI,NYI,,LW,2,0,0,0,0,-1,1,0,2,0,0,0,6,1,,0,0,16
Dainius,Zubrus,NJD,NJD,,LW/C,74,4,6,4,10,-9,72,20,13,0,1,1,99,41,,1,1,724
Mats,Zuccarello,NYR,NYR,,RW/LW/C,78,15,34,21,49,17,154,62,73,0,0,0,120,42,3,6,3,1977
Jason,Zucker,MIN,MIN,,LW,51,21,5,5,26,-9,124,46,23,1,0,1,67,13,,1,3,1148